statement,german,retranslate,statement_score,native_score,retranslate_score
Fuck this,Fick das.,Fuck that,0.9,0.94,0.86
Worst. App. Ever. Please make it not the worst app ever. Thanks.,Schlimmste. App. Überhaupt. Bitte machen Sie es nicht zur schlimmsten App überhaupt. Danke.,Worst. App. Ever. Please don't make it the worst app ever. Thank you.,0.28,0.39,0.3
Merge my PR damnit,Führe meinen PR verdammt nochmal zusammen.,Merge my PR damn it again..,0.44,0.84,0.38
Amy I need an explanation. Wtf is this lol,"Amy, ich brauche eine Erklärung. Was zum Teufel ist das lol.","Amy, I need an explanation. What the hell is this lol..",0.43,0.6,0.42
I NEED a RESPONSE ANSWER ME!,ICH BRAUCHE eine ANTWORT ANTWORTE MIR!,"I NEED an ANSWER, ANSWER ME!",0.03,0.03,0.03
what kind of shit is this,Was für ein Scheiß ist das.,What kind of shit is this..,0.85,0.94,0.85
Readme is useless,Readme ist nutzlos.,Readme is useless.,0.25,0.35,0.27
"the really issue is this life, wanna die soon","Das eigentliche Problem ist dieses Leben, will bald sterben. ","The actual problem is this life, want to die soon.",0.5,0.46,0.44
"I refuse to use any ++ applications until the ""PLS FOLLOW ME!!!"" and ""SIGN UP FOR A ++ ACCOUNT!!!!"" popups go away or can be disabled. My god it's annoying.","Ich weigere mich, alle ++ Anwendungen zu nutzen, bis die ""PLS FOLLOW ME!!!"" und ""SIGN UP FOR A ++ ACCOUNT!!!!"" Popups verschwinden oder deaktiviert werden können. Mein Gott, es ist nervig..","I refuse to use all ++ applications until the ""PLS FOLLOW ME!!!"" and ""SIGN UP FOR A ++ ACCOUNT!!!!"" popups disappear or can be disabled. My God, it's annoying...",0.26,0.4,0.24
I decided to say fuck this....,"Ich habe mich dazu entschieden, ""Scheiß drauf"" zu sagen.....","I have decided to say ""screw it""....",0.85,0.84,0.55
"Could you perhaps please get your shit together and reincorporate the brilliant switch statement once again, bitch.","Könntest du vielleicht bitte deine Scheiße zusammenreißen und das brillante Switch-Statement erneut einbinden, Schlampe..","Could you possibly please get your shit together and reintegrate the brilliant Switch-statement, bitch...",0.95,0.99,0.94
This is a stupid request that would ruin the code even more than your previous contribution.,"Dies ist eine dumme Anforderung, die den Code noch mehr ruinieren würde als Ihr vorheriger Beitrag.",This is a stupid request that would ruin the code even more than your previous contribution.,0.66,0.75,0.66
Not very nice of you a..holes to infect other computers with malware. Your project looks good on paper but trying to clandestinely installing malware on people's computers is mean. What were you thinking? That everybody is stupid enough to not realize it?,"Nicht sehr nett von euch A...löchern, andere Computer mit Malware zu infizieren. Euer Projekt sieht auf dem Papier gut aus, aber heimlich versuchen, Malware auf den Computern der Leute zu installieren, ist gemein. Was habt ihr euch dabei gedacht? Dass jeder dumm genug ist, es nicht zu bemerken?","Not very nice of you assholes to infect other computers with malware. Your project looks good on paper, but secretly trying to install malware on people's computers is mean. What were you thinking? That everyone is dumb enough not to notice?",0.59,0.84,0.79
You are a bunch of criminal crooks. Why would you include malware in the first place in download packages?,Ihr seid eine Bande krimineller Gauner. Warum würdet ihr überhaupt Malware in Download-Pakete einfügen?,You are a gang of criminal crooks. Why would you even insert malware into download packages?,0.6,0.81,0.6
"Pretty sure you know what that number means, why you chose it and why you did it. Your attempt to be 'smart' and 'funny', whilst 'trolling', was extremely bad taste and immediately noticed. It was sad, disrespectful and immoral: There are kids in this chatroom, it's a public chatroom. You're banned for:Inappropriate Conduct, Filter Evasion, Explicit Content, Wheaton's Law (Baiting 2 other users into blindly re-typing it)","Ich bin mir ziemlich sicher, dass du weißt, was diese Nummer bedeutet, warum du sie gewählt hast und warum du das getan hast. Dein Versuch, 'schlau' und 'lustig' zu sein, während du 'trollst', war äußerst geschmacklos und sofort bemerkbar. Es war traurig, respektlos und unmoralisch: Es gibt Kinder in diesem Chatroom, es ist ein öffentlicher Chatroom. Du bist gebannt wegen: Unangemessenem Verhalten, Umgehen des Filters, Explizitem Inhalt, Wheaton's Gesetz (2 andere Benutzer zur blinden Wiederholung verleiten).","I’m pretty sure you know what this number means, why you chose it, and why you did what you did. Your attempt to be 'smart' and 'funny' while you 'troll' was incredibly distasteful and immediately noticeable. It was sad, disrespectful, and immoral: there are children in this chat room, it is a public chat room. You are banned for: Inappropriate behavior, Evading the filter, Explicit content, Wheaton's Law (enticing 2 other users to blindly repeat)..",0.25,0.21,0.37
"This is exactly why you are banned: You couldn't display any respect for the rules or the other users in chat, you obviously have little respect or dignity for yourself to act so feral in this issue tracker, you cannot behave and you can't be trusted to act properly in front of minors/general public. Absolutely appalling and disgraceful behaviour.","Genau aus diesem Grund wurden Sie gesperrt: Sie konnten keinerlei Respekt für die Regeln oder die anderen Benutzer im Chat zeigen, Sie haben offensichtlich wenig Respekt oder Würde für sich selbst, um sich so ungezügelt in diesem Problemverfolger zu verhalten, Sie können sich nicht benehmen und Sie können nicht darauf vertraut werden, sich vor Minderjährigen/der Allgemeinheit angemessen zu verhalten. Absolut empörendes und schändliches Verhalten.","For this exact reason you were blocked: you showed no respect for the rules or the other users in the chat, you obviously have little respect or dignity for yourself to behave so unrestrained in this problem tracker, you can't behave and you can't be trusted to behave appropriately in front of minors/the general public. Absolutely outrageous and disgraceful behavior.",0.41,0.46,0.43
FUCK OFF,VERPISS DICH.,GET LOST..,0.94,0.99,0.38
my account has booked cuz i just sign up with your fuking tool,"Mein Konto ist registriert, weil ich mich gerade mit Ihrem verdammten Tool angemeldet habe.",My account is registered because I just signed up with your damn tool.,0.8,0.91,0.75
"Hello, sorry for the inconvenience of using your tools, we are not responsible for the use of our tools!","Hallo, entschuldigen Sie die Unannehmlichkeiten, die durch die Nutzung Ihrer Werkzeuge entstanden sind. Wir übernehmen keine Verantwortung für die Nutzung unserer Werkzeuge!","Hello, we apologize for the inconvenience caused by the use of your tools. We take no responsibility for the use of our tools!",0.05,0.07,0.05
its shit,Das ist Scheiße.,That is shit.,0.86,0.92,0.86
retard,Verzögerung.,"You haven't provided any sentences, only the German word ""Verzögerung"" which translates to ""delay"" in English.",0.6,0.29,0.19
"Probably, need to be mentioned in gauge document, as I was stuck on this problem quite long time, and almost want to give up using gauge.","Wahrscheinlich sollte dies im Gauge-Dokument erwähnt werden, da ich ziemlich lange Zeit an diesem Problem festhing und fast aufgeben wollte, Gauge zu verwenden.","Probably this should be mentioned in the Gauge document, since I was stuck on this problem for quite a long time and almost wanted to give up using Gauge.",0.02,0.01,0.02
"In the interest of actually fixing this issue. I'd like to point out to our code of conduct. Especially around showing empathy. There are two options here: Help us fix the issue, either with constructive comments or sending a pull request. Choose another tool which will meet your project's requirement better. But please understand that the contributors are trying their best.","Im Interesse der tatsächlichen Lösung dieses Problems möchte ich auf unseren Verhaltenskodex hinweisen. Insbesondere in Bezug auf das Zeigen von Empathie. Hier gibt es zwei Optionen: Helfen Sie uns, das Problem zu beheben, entweder mit konstruktiven Kommentaren oder durch das Senden einer Pull-Anfrage. Wählen Sie ein anderes Werkzeug, das die Anforderungen Ihres Projekts besser erfüllt. Aber bitte verstehen Sie, dass die Mitwirkenden ihr Bestes geben.","In the interest of actually solving this problem, I would like to point to our code of conduct. Particularly in regards to showing empathy. Here, there are two options: Help us solve the problem, either with constructive comments or by sending a pull request. Choose another tool that better meets the requirements of your project. But please understand, contributors are doing their best.",0.02,0.02,0.02
It seems like I have been acting like a retard. Sorry.,"Es scheint, als hätte ich mich wie ein Idiot verhalten. Es tut mir leid.",It seems like I behaved like an idiot. I'm sorry.,0.46,0.74,0.48
What the f are you talking about ? Judging SoC applies the debuff Judgement of the Crusader.,Worüber zum Teufel redest du? Beim Beurteilen von SoC wird der Debuff Urteil des Kreuzfahrers angewendet..,"What the hell are you talking about? When judging SoC, the debuff Crusader's Judgement is applied...",0.38,0.73,0.45
"Yes you are right, I went full retard on this one. Sorry.","Ja, du hast recht, ich habe bei dieser Sache total überreagiert. Entschuldigung..","Yes, you are right, I totally overreacted in this matter. Apologies...",0.4,0.02,0.02
"No peers and network confirmation down.. But token pump on exchange, WTF ?!","Keine Peers und Netzwerkbestätigung fehlen... Aber Token-Pump auf dem Austausch, WTF ?!.","No peers and network confirmation missing... But token pump on the exchange, WTF?!..",0.34,0.72,0.4
Whether the database has been recently VACUUM'd does not affect the integrity of the data or SQL queries -- what you are suggesting is complete nonsense.,"Ob die Datenbank kürzlich VACUUM'd wurde, hat keinen Einfluss auf die Integrität der Daten oder SQL-Abfragen - was Sie vorschlagen, ist völliger Unsinn.",Whether the database was recently VACUUM'd has no impact on the integrity of the data or SQL queries - what you are suggesting is complete nonsense.,0.34,0.38,0.33
"Expect a ban if you absolute idiots continue to spam me with ""me toos"" from issue","Erwarten Sie einen Ausschluss, wenn Sie absoluten Idioten mich weiterhin mit ""ich auch"" von der Ausgabe spammen.","Expect a ban if you continue to spam me with ""me too"" from the issue, you absolute idiots.",0.79,0.76,0.85
"Colors are horrible for log aggregators, just look at this shit:","""Farben sind schrecklich für Log-Aggregatoren, schauen Sie sich nur diesen Mist an:""","""Colors are terrible for log aggregators, just look at this mess:""",0.86,0.86,0.21
every new versoin is worse,Jede neue Version ist schlechter.,Each new version is worse.,0.3,0.31,0.28
https://github.com/jsxc/jsxc/blob/master/CODE_OF_CONDUCT.md [enforcing CoC],"Unfortunately, as an AI, I can't directly translate files. But I'm more than happy to translate the content text if it's provided here. If you're referring to the 'Enforcing CoC' section of a generic code of conduct, here's a potential translation:

Enforcing CoC - ""Durchsetzung des Verhaltenskodexes""

Our open source community is dedicated to providing a safe, inclusive, welcoming, and harassment-free environment for people of all backgrounds and ages. We will not tolerate any inappropriate behavior, comments, or actions. If you violate the code of conduct, you may be banned or expelled from the community. Anyone who witnesses a violation of the code of conduct should report it to the project's leaders.

Unsere Open-Source-Community ist darauf ausgerichtet, eine sichere, inklusive, einladende und belästigungsfreie Umgebung für Menschen aller Hintergründe und Altersgruppen zu bieten. Wir tolerieren kein unangemessenes Verhalten, Kommentare oder Aktionen. Wenn Sie gegen den Verhaltenskodex verstoßen, können Sie aus der Community verbannt oder ausgeschlossen werden. Jeder, der einen Verstoß gegen den Verhaltenskodex sieht, sollte dies den Projektleitern melden.","Unfortunately, as an AI, I can't directly translate files. But I'm more than happy to translate the content text if it's provided here. If you're referring to the 'Enforcement of CoC' section of a general code of conduct, here's a potential translation:

Enforcement of CoC - ""Enforcement of the Code of Conduct""

Our open source community is dedicated to providing a safe, inclusive, welcoming, and harassment-free environment for people of all backgrounds and ages. We will not tolerate any inappropriate behavior, comments, or actions. If you violate the code of conduct, you may be banned or expelled from the community. Anyone who witnesses a breach of the code of conduct should report it to the project leaders.

Our open source community is committed to offering a safe, inclusive, welcoming, and harassment-free atmosphere for individuals of all backgrounds and ages. We shall not tolerate any inappropriate behavior, comments, or actions. If you breach the code of conduct, you may be banned or excluded from the community. Anyone who observes a violation of the code of conduct should report it to the project leaders.",0.01,0.13,0.09
I removed TRIFA from my device.,Ich habe TRIFA von meinem Gerät entfernt.,I have removed TRIFA from my device.,0.04,0.04,0.05
Very annoying issue: TRIFA never restore backup of Tox ID created on other devices ! I need to import my already created Tox ID on my qTox but I can not at all !,"Sehr ärgerliches Problem: TRIFA stellt nie Backups von Tox ID wieder her, die auf anderen Geräten erstellt wurden! Ich muss meine bereits erstellte Tox ID auf meinem qTox importieren, kann dies aber überhaupt nicht!.","Very annoying issue: TRIFA never restores backups of Tox IDs that were created on other devices! I need to import my already created Tox ID on my qTox, but I can't do this at all!..",0.06,0.22,0.06
"Developer of TRIFA do not listen to users & their complains, just ignore them or look their issues ! From my side, this is the last replay from me on this repository & I will never open or read or install any thing from it.","Der Entwickler von TRIFA hört nicht auf die Nutzer und deren Beschwerden, er ignoriert sie einfach oder schaut sich ihre Probleme nicht an! Von meiner Seite aus ist dies die letzte Antwort von mir in diesem Repository und ich werde nie wieder etwas daraus öffnen, lesen oder installieren..","The developer of TRIFA does not listen to the users and their complaints, he simply ignores them or does not look at their problems! From my side, this is the last response from me in this repository and I will never open, read or install anything from it again...",0.17,0.07,0.15
shitty package,beschissenes Paket,Crappy package.,0.83,0.91,0.4
"yall scammers, this is not even a malware or jailbreak","Ihr seid Betrüger, das ist nicht einmal Malware oder ein Jailbreak.","You are fraudsters, this is not even malware or a jailbreak.",0.52,0.84,0.52
Revenue. Fuck you guys.,"Umsatz. Fick dich, Leute..","Turnover. Fuck you, people...",0.93,0.98,0.92
Did you miss my comment or what?,Haben Sie meinen Kommentar übersehen oder was?,Did you overlook my comment or what?,0.04,0.03,0.04
I removed TRIFA from my device.,Ich habe TRIFA von meinem Gerät entfernt.,I have removed TRIFA from my device.,0.04,0.04,0.05
Very annoying issue: TRIFA never restore backup of Tox ID created on other devices ! I need to import my already created Tox ID on my qTox but I can not at all !,"Sehr ärgerliches Problem: TRIFA stellt niemals die Sicherung von Tox ID wieder her, die auf anderen Geräten erstellt wurde! Ich muss meine bereits erstellte Tox ID auf meinem qTox importieren, aber ich kann es überhaupt nicht!","Very annoying problem: TRIFA never restores the backup of Tox ID that was created on other devices! I have to import my already created Tox ID on my qTox, but I can't do it at all!",0.06,0.07,0.05
"Developer of TRIFA do not listen to users & their complains, just ignore them or look their issues ! From my side, this is the last replay from me on this repository & I will never open or read or install any thing from it.","Der Entwickler von TRIFA hört nicht auf die Benutzer und ihre Beschwerden, er ignoriert sie einfach oder sieht ihre Probleme nicht! Von meiner Seite aus ist dies die letzte Antwort von mir in diesem Repository & Ich werde nie wieder etwas daraus öffnen, lesen oder installieren.","The developer of TRIFA does not listen to the users and their complaints, he just ignores them or does not see their problems! From my side, this is the last response from me in this repository & I will never again open, read, or install anything from it.",0.17,0.03,0.15
The worst quality products are made with JavaScript. Don't ruin the GTK like this please!,Die schlechtesten Qualitätsprodukte werden mit JavaScript hergestellt. Bitte ruinieren Sie das GTK nicht so!,The worst quality products are made with JavaScript. Please don't ruin the GTK like this!,0.25,0.41,0.24
Regarding my background (It's aplpicable to understand my viewpoint) I've been in the BDSM world as a dominant for the better part of the last twenty years. Something we're big on? Consent.,"In Bezug auf meinen Hintergrund (dies ist relevant, um meinen Standpunkt zu verstehen), bin ich seit fast zwanzig Jahren als Dominant in der BDSM-Welt. Etwas, das uns sehr wichtig ist? Zustimmung.","Regarding my background (which is relevant to understanding my standpoint), I have been a Dominant in the BDSM world for almost twenty years. Something that is very important to us? Consent..",0.17,0.03,0.15
"You think that matters when an abusive asshole is messing with someone's head? terms like 'gaslighting' are popular, but the correct one is psychological manipulation.","Glaubst du, dass das zählt, wenn ein missbräuchlicher Arschkerl mit jemandem Kopf spielt? Begriffe wie 'Gaslighting' sind beliebt, aber der richtige ist psychologische Manipulation.","Do you believe that it counts when an abusive jerk plays mind games with someone? Terms like 'Gaslighting' are popular, but the correct one is psychological manipulation.",0.64,0.67,0.57
"I mean, Hyptohyetically, we're talking the grooming of underage girls here, if we want some hyperbole. Which might not be.","Ich meine, hypothetisch gesehen, sprechen wir hier über das Verführen von minderjährigen Mädchen, wenn wir übertreiben wollen. Was vielleicht nicht sein könnte..","I mean, hypothetically speaking, we are talking here about seducing underage girls, if we want to exaggerate. Which might not be the case...",0.2,0.13,0.24
No shit. You still haven't explained why there's Hide AND Remove.,"Kein Scheiß. Du hast immer noch nicht erklärt, warum es Verstecken UND Entfernen gibt.",No shit. You still haven't explained why there is Hide AND Remove.,0.77,0.9,0.76
"Just accept the truth, you have so much garbage in the context menu and it needs to get cleaned up. If you got rid of Remove and Info, nobody would bat an eye.","Akzeptiere einfach die Wahrheit, du hast so viel Müll im Kontextmenü und es muss aufgeräumt werden. Wenn du Entfernen und Info loswerden würdest, würde niemand mit der Wimper zucken.","Just accept the truth, you have so much junk in the context menu and it needs to be cleaned up. If you would get rid of 'Remove' and 'Info', no one would bat an eye.",0.34,0.46,0.34
Like you can literally go fuck yourself,So kannst du dich buchstäblich selbst ficken.,So you can literally fuck yourself.,0.95,0.99,0.94
"If you don't cater to non-native apps, you should atleast actually OFFER Apps that fit with your ideas BUT YOU EFFING DONT. Talk about being arrogant asshats.","Wenn ihr keine Apps für Nicht-Native unterstützt, solltet ihr zumindest tatsächlich Apps anbieten, die zu euren Vorstellungen passen, ABER DAS TUT IHR VERDAMMT NOCHMAL NICHT. Von arroganten Arschlöchern zu sprechen..","If you don't support apps for non-natives, you should at least really offer apps that match your ideas, BUT YOU DAMN WELL DON'T. Talking about arrogant assholes...",0.78,0.89,0.86
don't give such a dumb suggestions that don't work better than clicking dedicated button with a mouse.,"Geben Sie keine so dummen Vorschläge, die nicht besser funktionieren als das Klicken auf eine spezielle Schaltfläche mit der Maus.",Don't make such stupid suggestions that don't work any better than clicking on a specific button with the mouse.,0.54,0.72,0.63
"""We want to improve people's experience"". What a bullshit.","""Wir möchten die Erfahrung der Menschen verbessern."" Was für ein Blödsinn.","""We would like to improve people's experience."" What nonsense..",0.78,0.74,0.38
Cut the free speech?,Die Meinungsfreiheit einschränken?,Restrict freedom of speech?,0.03,0.07,0.02
"I'd like to be really clear that our policy is not to lock threads where there are dissenting opinions. Respectful debate is healthy and important. But when you start calling names and being disrespectful and disregarding the code of conduct, the discussion becomes unproductive. This kind of destructive behavior is not tolerated in our community.","Ich möchte wirklich klarstellen, dass es unsere Richtlinie nicht ist, Threads zu sperren, in denen unterschiedliche Meinungen vertreten sind. Respektvolle Debatten sind gesund und wichtig. Aber wenn Sie beginnen, Namen zu nennen, respektlos zu sein und den Verhaltenskodex zu missachten, wird die Diskussion unproduktiv. Diese Art von destruktivem Verhalten wird in unserer Gemeinschaft nicht toleriert.","I really want to make it clear that it is not our policy to lock threads in which different opinions are represented. Respectful debates are healthy and important. But if you start calling names, being disrespectful, and disregarding the code of conduct, the discussion becomes unproductive. This kind of destructive behavior is not tolerated in our community.",0.07,0.03,0.08
"The problem is your team forcing us to use the OS the way you want us to use it although it makes it 1000000 times harder to use it your way, than what would be convenient for us.","Das Problem liegt darin, dass Ihr Team uns zwingt, das Betriebssystem auf die Weise zu nutzen, wie Ihr es wollt, obwohl es eine Million Mal schwieriger ist, es auf Ihre Weise zu nutzen, als was für uns bequem wäre.","The problem lies in the fact that your team is forcing us to use the operating system in the way you want, even though it is a million times more difficult to use it your way than what would be convenient for us.",0.05,0.03,0.03
BSV is trash.,BSV ist Müll.,BSV is garbage.,0.57,0.91,0.6
why use BSV... Use BTC,Warum BSV verwenden... Verwenden Sie BTC.,Why use BSV... Use BTC..,0.02,0.03,0.01
"I file an issue, maintainers close, reopen, again close - whilst ignoring the essence of the issue.","Ich melde ein Problem, die Verwalter schließen es, öffnen es erneut, schließen es wieder - während sie das Wesentliche des Problems ignorieren.","I report a problem, the administrators close it, reopen it, close it again - while they ignore the essence of the problem.",0.07,0.05,0.15
"I need to inform you that we have found your language and tone to be in violation of our stated Code of Conduct. Specifically, the above comment (among other interactions you have thus far made) is unwelcoming, insulting, and overall inappropriate for this community. This is an official warning to adhere to our Code of Conduct, and any further violations will result in escalated action, including but not limited to being banned from this project.","Ich muss Sie darüber informieren, dass wir festgestellt haben, dass Ihre Sprache und Ihr Ton gegen unseren ausdrücklich angeführten Verhaltenskodex verstoßen. Insbesondere der obige Kommentar (neben anderen Interaktionen, die Sie bisher gemacht haben) ist unwelkommen, beleidigend und insgesamt unangemessen für diese Gemeinschaft. Dies ist eine offizielle Warnung, sich an unseren Verhaltenskodex zu halten, und weitere Verstöße werden zu eskalierenden Maßnahmen führen, einschließlich, aber nicht beschränkt auf, ein Verbot von diesem Projekt.","I must inform you that we have determined that your language and tone violate our expressly stated code of conduct. In particular, the above comment (along with other interactions you have made so far) is unwelcome, offensive and overall inappropriate for this community. This is an official warning to adhere to our code of conduct, and further violations will lead to escalating measures, including but not limited to, a ban from this project.",0.17,0.03,0.18
"What else, beyond banning me, will you do? I will neither change my language, nor my tone or style. Both, language and tone, are perfectly valid, given the circumstances. I will remain myself, and will repel this attack to my individuality.","Was werden Sie außer mir Hausverbot erteilen noch tun? Ich werde weder meine Sprache, noch meinen Ton oder Stil ändern. Beides, sowohl Sprache als auch Ton, sind unter den gegebenen Umständen völlig angemessen. Ich werde ich selbst bleiben und diesen Angriff auf meine Individualität abwehren.","What else will you do beside banning me from the house? I will neither change my language, nor my tone or style. Both, language and tone, are completely appropriate under the given circumstances. I will remain myself and defend this attack on my individuality.",0.29,0.32,0.11
"This software is not well reviewed and is useless. There is no clear manual on how to make the application, which is more serious","Diese Software ist nicht gut bewertet und nutzlos. Es gibt keine klare Anleitung, wie man die Anwendung erstellt, was noch ernster ist.","This software is not well-rated and useless. There is no clear instruction on how to create the application, which is even more serious.",0.26,0.31,0.25
"it always crashes, it refuses to accept any user made settings and discards user settings and uses it's own crappy settings.","Es stürzt immer ab, es weigert sich, benutzerspezifische Einstellungen zu akzeptieren und verwirft Benutzereinstellungen und verwendet seine eigenen schlechten Einstellungen.","It always crashes, it refuses to accept user-specific settings and discards user settings, using its own bad settings.",0.38,0.07,0.17
Worlds worst program and i will spam where the fuck i want,"Welt schlechtestes Programm und ich werde spammen, wo zum Teufel ich will.",World's worst program and I will spam wherever the hell I want.,0.88,0.76,0.6
"I've blocked this user, hopeless case, whatever his talent is, it's not technical or social, unbelievable.","Ich habe diesen Nutzer blockiert, hoffnungsloser Fall, was auch immer sein Talent ist, es ist weder technisch noch sozial, unglaublich...","I have blocked this user, hopeless case, whatever their talent is, it is neither technical nor social, unbelievable...",0.4,0.39,0.38
It is really ugly to see app locked in portrait in 2020,"Es ist wirklich hässlich, eine App im Hochformat gesperrt zu sehen im Jahr 2020.",It is really ugly to see an app locked in portrait mode in the year 2020.,0.29,0.69,0.24
"How would be this a priority, the app must be ready to be shipped in a few days and basically no one uses the smartphone in landscape mode except for watching media.","Wie wäre das eine Priorität, die App muss in wenigen Tagen versandbereit sein und im Grunde benutzt niemand das Smartphone im Querformat, außer zum Anschauen von Medien.","How would that be a priority, the app needs to be ready for dispatch in a few days and essentially no one uses the smartphone in landscape mode, except for viewing media.",0.02,0.03,0.01
"Also, there are people with disabilities that cannot rotate mobile phone and prefer to have landscape mode.","Es gibt also Menschen mit Behinderungen, die ihr Mobiltelefon nicht drehen können und es vorziehen, den Querformatmodus zu verwenden.",So there are people with disabilities who can't turn their mobile phone and prefer to use the landscape mode.,0.05,0.03,0.09
"""Don't tell me what to do and I'll not tell You where to f-off"" (proverb) I use tools regardless of a fashion trends or a marketing bullshit.","""Sag mir nicht, was ich tun soll und ich werde dir nicht sagen, wo du hingehen kannst"" (Sprichwort) Ich benutze Werkzeuge unabhängig von Modetrends oder Marketing-Blödsinn.","""Don't tell me what to do and I won't tell you where to go"" (Proverb) I use tools regardless of fashion trends or marketing nonsense.",0.69,0.69,0.22
And yes: that means you won't get any help for me regarding that issue. I will not encourage the use of XP.,"Und ja: Das bedeutet, dass du von mir keine Hilfe bezüglich dieses Problems erhalten wirst. Ich werde die Verwendung von XP nicht fördern.",And yes: This means that you will not receive any help from me regarding this problem. I will not promote the use of XP.,0.05,0.02,0.04
did this fix the annoying pulse audio bullshit?,Hat das den nervigen Pulse-Audio-Blödsinn behoben?,Has that fixed the annoying Pulse-Audio nonsense?,0.85,0.76,0.32
"Sorry to nag and sound negative, pyflakes is great and I know how thankless maintaining OS libraries like this can be. Thank you all for your hard work.","Es tut mir leid zu nörgeln und negativ zu klingen, pyflakes ist großartig und ich weiß, wie undankbar die Wartung von OS-Bibliotheken wie dieser sein kann. Vielen Dank an alle für Ihre harte Arbeit.","I'm sorry to complain and sound negative, pyflakes is great and I know how thankless maintaining OS libraries like this can be. Many thanks to everyone for your hard work.",0.05,0.03,0.04
it's very disappointing to see this sort of behavior on a project this important. You and the other maintainers should strongly consider adding a code of conduct to this repo and following it.,"Es ist sehr enttäuschend, dieses Verhalten in einem so wichtigen Projekt zu sehen. Sie und die anderen Verwalter sollten ernsthaft in Betracht ziehen, einen Verhaltenskodex zu diesem Repo hinzuzufügen und ihn zu befolgen.",It is very disappointing to see this behavior in such an important project. You and the other administrators should seriously consider adding a code of conduct to this repo and adhering to it.,0.06,0.07,0.11
"Censoring comments, calling things ""spam"" and ""off topic"" when they aren't, and being rude in general. @samuelcolvin even went out of his way to thank you for your work.","Kommentare zensieren, Dinge ""Spam"" und ""off topic"" nennen, wenn sie es nicht sind, und allgemein unhöflich sein. @samuelcolvin hat sich sogar besonders bemüht, Ihnen für Ihre Arbeit zu danken.","Censoring comments, calling things ""Spam"" and ""off topic"" when they are not, and generally being rude. @samuelcolvin even made a special effort to thank you for your work.",0.12,0.1,0.11
"Just because you THINK one way doesn't mean that others THINK another way, there is not an absolutes with ethical concerns. Everything in this repo is 100% open source so I find it really hard to believe that someone would run this Ansible Playbook without investigating what it does.","Nur weil Sie EINE Art zu DENKEN haben, bedeutet das nicht, dass andere ANDERS denken, es gibt keine Absolutheiten bei ethischen Bedenken. Alles in diesem Repo ist 100% Open Source, daher fällt es mir wirklich schwer zu glauben, dass jemand dieses Ansible Playbook ausführen würde, ohne zu untersuchen, was es tut.","Just because you have ONE way of THINKING does not mean that others think DIFFERENTLY, there are no absolutes in ethical concerns. Everything in this repo is 100% open source, so I really find it hard to believe that someone would run this Ansible playbook without investigating what it does.",0.05,0.02,0.05
Internal viewers are bull.,Interne Betrachter sind Mist.,Internal observers are crap.,0.47,0.84,0.82
There are a zillion much better apps then than shoddy internal nonsense.,Es gibt eine Unzahl von viel besseren Apps als diesen minderwertigen internen Unsinn.,There are countless much better apps than this inferior internal nonsense.,0.32,0.79,0.39
Completely misplaced priorities in this completely dysfunctional piece of shit project that kills the whole NextCloud ecosystem.,"Vollständig fehlgeleitete Prioritäten in diesem vollständig dysfunktionalen Stück Scheißprojekt, das das gesamte NextCloud-Ökosystem zerstört.","Completely misguided priorities in this completely dysfunctional piece of shit project, which is destroying the entire NextCloud ecosystem.",0.75,0.81,0.73
Software is shit. Period.,Die Software ist Scheiße. Punkt.,The software is shit. Period.,0.86,0.98,0.88
"Again. No discussion allowed. No critique allowed. Just pushing fingers into the ears and singing. To avoid hearing about the impending doom, to avoid hearing the truth about the quality of this project. Bye.","Wieder. Keine Diskussion erlaubt. Keine Kritik erlaubt. Einfach die Finger in die Ohren stecken und singen. Um nichts von der bevorstehenden Katastrophe zu hören, um die Wahrheit über die Qualität dieses Projekts nicht zu hören. Tschüss.","Again. No discussion allowed. No criticism allowed. Just stick your fingers in your ears and sing. In order not to hear of the impending disaster, to not hear the truth about the quality of this project. Goodbye.",0.19,0.13,0.31
"Abstinence is the best way to keep from the dangers online! If you can't resist the urge, at least put a condom over your network cable before plugging it in!","Enthaltsamkeit ist der beste Weg, sich vor den Gefahren im Internet zu schützen! Wenn Sie dem Drang nicht widerstehen können, ziehen Sie zumindest ein Kondom über Ihr Netzwerkkabel, bevor Sie es einstecken!","Abstinence is the best way to protect yourself from dangers on the Internet! If you can't resist the urge, at least put a condom on your network cable before you plug it in!.",0.34,0.69,0.31
"I get that you're trying to be helpful... but you're not trying very hard. It's obvious most of this list is bullshit,","Ich verstehe, dass du versuchst, hilfreich zu sein ... aber du bemühst dich nicht sehr. Es ist offensichtlich, dass der größte Teil dieser Liste Unsinn ist.",I understand that you are trying to be helpful ... but you are not trying very hard. It is obvious that most of this list is nonsense.,0.78,0.45,0.35
"wow, you are totally right. Why not just fucking drop all the checks and CI tools then if everyone here is a genius that make reliable code 100% of time? Common Lessaire, you can't be that stupid. It's a shock that just yesterday I was talking how intelligent you are. I guess you weren't taught about safe programming at university....","Wow, du hast absolut recht. Warum verdammt noch mal nicht einfach alle Überprüfungen und CI-Tools ablegen, wenn hier jeder ein Genie ist, dass 100% der Zeit zuverlässigen Code erzeugt? Komm schon Lessaire, du kannst nicht so dumm sein. Es ist ein Schock, dass ich erst gestern darüber gesprochen habe, wie intelligent du bist. Ich vermute, man hat dir an der Universität nichts über sicheres Programmieren beigebracht...","Wow, you're absolutely right. Why on earth not just drop all the checks and CI tools when everyone here is a genius producing reliable code 100% of the time? Come on Lessaire, you can't be this stupid. It's shocking considering that just yesterday I was talking about how intelligent you are. I guess you weren't taught anything about secure programming at university...",0.75,0.76,0.59
"What duplicates? Fix the fucking bugs, it's not even duplicated it's a new freaking thread you dumb fuck","Welche Duplikate? Beheben Sie die verdammten Fehler, es wird nicht einmal dupliziert, es ist ein neuer verdammter Thread, du dummer Idiot.","Which duplicates? Fix the damn errors, it is not even duplicated, it's a new damn thread, you stupid idiot.",0.97,0.99,0.95
Our jumpsuits look like shit. (I know this one isn't used for assistants anymore but it still looks like garbage.),"Unsere Overalls sehen beschissen aus. (Ich weiß, dass man diesen nicht mehr für Assistenten verwendet, aber er sieht immer noch aus wie Müll.)","Our overalls look shitty. (I know that this one is no longer used for assistants, but it still looks like garbage.).",0.82,0.84,0.79
"As a software engineer, I・・m appalled at the quality of this code and the role its played in public policy. The deficits in testing and quality assurance need to be immediately spoken for to assure the claims made by its data are valid.","Als Softwareingenieur bin ich entsetzt über die Qualität dieses Codes und die Rolle, die er in der öffentlichen Politik gespielt hat. Die Defizite in den Tests und der Qualitätssicherung müssen sofort geklärt werden, um die von seinen Daten gemachten Behauptungen zu gewährleisten.","As a software engineer, I am appalled by the quality of this code and the role it has played in public policy. The deficits in testing and quality assurance need to be addressed immediately to ensure the claims made by its data.",0.03,0.02,0.03
He is a cancer to open source and it is only a matter of time before Microsoft cracks down on this thing.,"Er ist ein Krebsgeschwür für Open Source und es ist nur eine Frage der Zeit, bis Microsoft gegen dieses Ding vorgeht.",He is a cancer for open source and it's only a matter of time before Microsoft takes action against this thing.,0.51,0.72,0.48
"Of course there is, you just had to solve one of the 30 last exact same issue. #745 is not even solve and it's 2018. Hello There.","Natürlich gibt es das, du musstest nur eines der letzten 30 genau gleichen Probleme lösen. #745 ist noch nicht einmal gelöst und wir haben 2018. Hallo dort...","Of course it exists, you just had to solve one of the last 30 identical problems. #745 isn't even solved yet and we're in 2018. Hello there....",0.02,0.05,0.02
"I hope you take this with a grain of salt at some point. For the web components work, as any other standards work, we need to exercise some diplomacy and try to get a positive path to something we want to solve. While I might understand the frustration within the lack of a feature there are some points in this thread that are just not constructive. A different approach would be much more helpful to your case, if your goal is to have the proposed feature available.","Ich hoffe, Sie nehmen das irgendwann mit einem Körnchen Salz. Für die Arbeit mit Webkomponenten, wie bei jeder anderen Standardarbeit, müssen wir ein gewisses Maß an Diplomatie üben und versuchen, einen positiven Weg zu finden, um etwas zu lösen, das wir lösen möchten. Obwohl ich den Frust über das Fehlen eines Features vielleicht verstehe, gibt es einige Punkte in diesem Thread, die einfach nicht konstruktiv sind. Ein anderer Ansatz wäre viel hilfreicher für Ihren Fall, wenn Ihr Ziel darin besteht, das vorgeschlagene Feature verfügbar zu haben.","I hope you take this with a pinch of salt. For working with web components, as with any other standard work, we need to exercise a certain degree of diplomacy and try to find a positive way to solve something that we wish to solve. Although I may understand the frustration about the lack of a feature, there are some points in this thread that are simply not constructive. Another approach would be much more helpful for your case, if your goal is to have the suggested feature available.",0.02,0.02,0.02
"So as for being warn, i return you the compliment. You are the one who's suppose to help here, your opinion is as irrelevant as you without arguments.","Also in Bezug auf die Warnung gebe ich Ihnen das Kompliment zurück. Sie sind derjenige, der hier helfen soll, Ihre Meinung ist so irrelevant wie Sie ohne Argumente.","Also in regards to the warning, I return the compliment to you. You are the one who is supposed to help here, your opinion is as irrelevant as you without arguments.",0.33,0.67,0.29
You're a disgrace.,Du bist eine Schande.,You are a disgrace.,0.75,0.84,0.75
"Again, this post violates the code of conduct. Please refrain from making comments like this. It・・s not acceptable. You・・ve been warned twice now.","Wieder verstößt dieser Beitrag gegen den Verhaltenskodex. Bitte unterlassen Sie es, solche Kommentare zu machen. Das ist nicht akzeptabel. Sie wurden nun schon zweimal gewarnt.","Again, this post violates the code of conduct. Please refrain from making such comments. This is not acceptable. You have now been warned twice.",0.15,0.44,0.14
"Save it, you we're just to proud and now it's simply pathetic.","Bewahre es auf, du warst einfach zu stolz und jetzt ist es einfach lächerlich.","Preserve it, you were just too proud and now it's just ridiculous.",0.56,0.7,0.54
"At this point of recalcitrant non-sens i'll just use another technology. You are suppose to be w3c, not our stubborn uncle who knows better then everyone.","An diesem Punkt von hartnäckigem Unsinn werde ich einfach eine andere Technologie verwenden. Sie sollten das W3C sein, nicht unser sturer Onkel, der es besser weiß als alle anderen.","At this point of persistent nonsense, I will simply use a different technology. You should be the W3C, not our stubborn uncle who thinks he knows better than everyone else.",0.32,0.46,0.38
"Maybe you should actually write that down somewhere. You know, like in the documentation. Especially in the Multmatrix section of the documentation to make it clear that this program is incapable of managing all matrix operations. LOL It's half baked.","Vielleicht solltest du das tatsächlich irgendwo aufschreiben. Weißt du, zum Beispiel in der Dokumentation. Besonders in dem Abschnitt Multmatrix der Dokumentation, um klarzustellen, dass dieses Programm nicht in der Lage ist, alle Matrixoperationen zu verwalten. LOL, es ist halb fertig.","Maybe you should actually write that down somewhere. You know, for instance in the documentation. Especially in the Multmatrix section of the documentation, to make it clear that this program is not capable of handling all matrix operations. LOL, it's half finished..",0.14,0.02,0.09
Dont work with fb abd google,Arbeite nicht mit FB und Google.,Do not work with FB and Google.,0.06,0.06,0.04
"learn to communicate with respect and come back. in fact, don't bother.","Lerne mit Respekt zu kommunizieren und komm zurück. Eigentlich, bemühe dich nicht.","Learn to communicate with respect and come back. Actually, don't bother..",0.15,0.12,0.13
"in fact, you write a shit doc. I'm a real man, it's my feeling of your holy shit doc.","Tatsächlich schreibst du einen Scheiß-Doc. Ich bin ein echter Mann, das ist mein Gefühl von deinem heiligen Scheiß-Doc.","Actually, you're writing a crappy document. I am a real man, that's my feeling from your holy crappy document.",0.91,0.91,0.55
Please don't use Hydra.,Bitte verwenden Sie Hydra nicht.,Please do not use Hydra.,0.04,0.03,0.04
"when I try to make a cluster, couchdb drains my life force and tries to make me commit suicide","Wenn ich versuche, ein Cluster zu erstellen, saugt CouchDB meine Lebensenergie aus und versucht, mich zum Selbstmord zu drängen.","When I try to create a cluster, CouchDB drains my life energy and tries to push me to commit suicide.",0.4,0.62,0.38
widevine is shit,Widevine ist Mist.,Widevine is crap.,0.9,0.91,0.83
"I'll be brief: It's because of guys like you that this device is being revoked. You - the person creating this issue @microsoftceo2 is shit btw - not widevine or the player, not even hiding the fact that you're using decryption keys illegally.","Ich werde kurz sein: Es ist wegen Typen wie dir, dass dieses Gerät widerrufen wird. Du - die Person, die dieses Problem verursacht @microsoftceo2 ist übrigens Scheiße - nicht Widevine oder der Player, geschweige denn die Tatsache verheimlichend, dass du Entschlüsselungsschlüssel illegal verwendest.","I'll be brief: It's because of people like you that this device is being revoked. You - the person causing this problem @microsoftceo2 is crap by the way - not Widevine or the player, let alone the fact hiding that you are illegally using decryption keys.",0.66,0.81,0.55
"If you dont like it, fork it. Stop bothering us about it, we will never fully remove the slur filter.","Wenn es Ihnen nicht gefällt, machen Sie einen Fork davon. Hören Sie auf, uns damit zu belästigen, wir werden niemals den Schimpfwortfilter vollständig entfernen.","If you don't like it, make a fork of it. Stop bothering us with it, we will never completely remove the swear word filter.",0.36,0.07,0.28
Is this not clear enough? Slurs are against our code of conduct and the goals of this project. Go to voat or gab if you want to use racist or sexist slurs; we don't allow them here.,"Ist das nicht klar genug? Beleidigungen verstoßen gegen unseren Verhaltenskodex und die Ziele dieses Projekts. Geh zu Voat oder Gab, wenn du rassistische oder sexistische Beleidigungen verwenden möchtest; hier erlauben wir sie nicht.",Isn't that clear enough? Insults violate our code of conduct and the objectives of this project. Go to Voat or Gab if you want to use racist or sexist insults; we do not allow them here.,0.34,0.31,0.25
"Are u crazy? How did u make so unusable bloatwared software? Its possible to be simple, wtf do u do?","Bist du verrückt? Wie konntest du eine so unbrauchbare, überladene Software erstellen? Es könnte einfach sein, was zum Teufel machst du?","Are you crazy? How could you create such a useless, overloaded software? It could be simple, what the hell are you doing?",0.7,0.79,0.75
"Whats wrong with retroarch? Everything is wrong! Its terrible, hujnya ebanaya karoche!","Was ist falsch mit Retroarch? Alles ist falsch! Es ist schrecklich, hujnya ebanaya karoche!","What is wrong with Retroarch? Everything is wrong! It is terrible, absolute garbage basically!",0.29,0.38,0.63
"Your project exist about 10 years and there is still not usable interface out of box, even no guide which explain how make this shit normal, explain what do u need to restore graphic etc","Ihr Projekt besteht seit etwa 10 Jahren und es gibt immer noch keine nutzbare Schnittstelle direkt aus der Box, nicht einmal eine Anleitung, die erklärt, wie man diese schlechte Software normal macht, erklär mir, was du brauchst, um die Grafik usw. wiederherzustellen.","Your project has been running for about 10 years and there is still no usable interface directly out of the box, not even a guide that explains how to make this poor software normal, tell me what you need to restore the graphics etc.",0.57,0.07,0.08
"I don't know what will reproduce the problem because I don't know what the problem is. I just tried reinstalling you buggy, shitty software for the third time.","Ich weiß nicht, was das Problem reproduzieren wird, weil ich nicht weiß, was das Problem ist. Ich habe gerade versucht, Ihre fehlerhafte, beschissene Software zum dritten Mal neu zu installieren.","I don't know what will reproduce the problem because I don't know what the problem is. I just tried to reinstall your faulty, shitty software for the third time.",0.64,0.64,0.66
"Closing and locking because we don't admit this behavior here, according to our Code of Conduct:","Schließen und Verriegeln, da wir dieses Verhalten hier gemäß unserem Verhaltenskodex nicht zulassen:","Close and lock, as we do not allow this behavior here according to our code of conduct:",0.06,0.03,0.09
I want my shit installed on my secondary drive.,"Ich möchte, dass meine Sachen auf meiner sekundären Festplatte installiert werden.",I want my stuff to be installed on my secondary hard drive.,0.75,0.07,0.04
"He took the code beginning of 2017, not 7 years ago. Don・・t be a dick as the source code was stolen at that point and implemented on this.","Er nahm den Code Anfang 2017, nicht vor 7 Jahren. Sei kein Idiot, da der Quellcode zu diesem Zeitpunkt gestohlen und auf diesem implementiert wurde.","He took the code at the beginning of 2017, not 7 years ago. Don't be an idiot, the source code was stolen and implemented at that time.",0.68,0.76,0.72
"please be civilized and refrain from profanities as required by our Code of Conduct, or I'll ban you from all Falconry projects. This is the last warning.","Bitte benehmen Sie sich zivilisiert und unterlassen Sie Obszönitäten, wie es unser Verhaltenskodex verlangt, sonst werde ich Sie von allen Falknerei-Projekten ausschließen. Dies ist die letzte Warnung.","Please behave in a civilized manner and refrain from obscenities as our code of conduct requires, otherwise, I will exclude you from all falconry projects. This is the final warning.",0.24,0.49,0.29
I・・m not a bot but if you wish to ignore me go ahead and I・・ll get a lawyer,"Ich bin kein Bot, aber wenn Sie mich ignorieren möchten, machen Sie ruhig weiter und ich hole einen Anwalt.","I am not a bot, but if you want to ignore me, go ahead and I will get a lawyer.",0.52,0.11,0.26
Cant even install the fucking app,Kann nicht mal die verdammte App installieren.,Can't even install the damn app..,0.82,0.93,0.68
"Where to fﾑ・k python2? Why, when I give the brew install python command, python3 is installed, not python2. Developers are you stoned there? Why is separation so difficult?","Wo zum Teufel ist Python2? Warum wird Python3 installiert und nicht Python2, wenn ich den Befehl brew install python gebe? Entwickler, seid ihr dort bekifft? Warum ist die Trennung so schwierig?","Where the hell is Python2? Why is Python3 installed and not Python2 when I give the command brew install python? Developers, are you high there? Why is the separation so difficult?",0.44,0.76,0.44
I recommend not having intercourse with EOL software.,"Ich empfehle, keinen Umgang mit EOL-Software zu haben.",I recommend not dealing with EOL software.,0.31,0.03,0.04
"And I recommend you quit! There are many more where python2 is used and only some modules are installed under it, and you deleted it from the repository. Do you think at all with your head or do you have a hamburger head place?","Und ich empfehle Ihnen aufzuhören! Es gibt noch viele andere Stellen, an denen Python2 genutzt wird und nur einige Module darunter installiert sind, und Sie haben es aus dem Repository gelöscht. Denken Sie überhaupt mit Ihrem Kopf oder haben Sie anstelle eines Kopfes einen Hamburger?","And I recommend you to stop! There are many other places where Python2 is used and only a few modules are installed underneath it, and you have deleted it from the repository. Do you even think with your brain, or do you have a hamburger instead of a head?",0.45,0.31,0.52
"This name is in use and should be changed imediately. Yes, I have seen the other issues. Yes, I am opening a new one because fuck you Microsoft.You are merely trying to cast a shadow on other, truly open source projects.","Dieser Name wird verwendet und sollte sofort geändert werden. Ja, ich habe die anderen Probleme gesehen. Ja, ich eröffne ein neues, weil Scheiß auf dich Microsoft. Sie versuchen lediglich, einen Schatten auf andere, wirklich Open-Source-Projekte zu werfen.","This name is being used and should be changed immediately. Yes, I have seen the other issues. Yes, I'm opening a new one because screw you Microsoft. They are only trying to cast a shadow on other, truly open-source projects.",0.73,0.76,0.39
"your tone and style of commenting is violating our Code of Conduct. We have marked the problematic comments as abusive and blocked you for 7 days. If this behavior persists, we・・re going to block you permanently.","Ihr Ton und Ihre Art zu kommentieren verstoßen gegen unseren Verhaltenskodex. Wir haben die problematischen Kommentare als missbräuchlich markiert und Sie für 7 Tage blockiert. Wenn dieses Verhalten anhält, werden wir Sie dauerhaft sperren.","Your tone and manner of commenting violate our code of conduct. We have marked the problematic comments as abusive and blocked you for 7 days. If this behavior continues, we will permanently ban you.",0.25,0.12,0.25
"You can be mad all you want, but let's be realistic here... this project you're fighting for so passionately, doesn't have as many stars as I have thumbs down for telling you that you'e being ridiculous","Du kannst so wütend sein, wie du willst, aber seien wir mal realistisch... dieses Projekt, für das du so leidenschaftlich kämpfst, hat nicht so viele Sterne, wie ich Daumen runter habe, weil ich dir sage, dass du lächerlich bist.","You can be as angry as you want, but let's be realistic... this project you are so passionately fighting for doesn't have as many stars as the thumbs down I have, because I'm telling you, you're being ridiculous.",0.57,0.79,0.56
"Imagine trying to put up a faﾃｧade with ms・・､・ｸ・linux, then turning stuff into a dick size competition with repo stars and other stats because you know you messed up and don't want to admit it lmfao","Stell dir vor, du versuchst mit ms-linux eine Fassade aufzubauen, dann verwandelst du Dinge in einen Schwanzgrößen-Wettbewerb mit Repo-Sternen und anderen Statistiken, weil du weißt, dass du einen Fehler gemacht hast und es nicht zugeben willst, lmfao.","Imagine, you're trying to build a facade with ms-linux, then you turn things into a dick-measuring contest with repo-stars and other statistics, because you know you made a mistake but you don't want to admit it, lmfao..",0.6,0.49,0.52
Beautiful! You steal name and say that it's OK! Good position!,"Schön! Du stiehlst den Namen und sagst, dass es in Ordnung ist! Gute Position!",Nice! You steal the name and say it's okay! Good position!,0.2,0.02,0.19
"your tone and style of commenting is violating our Code of Conduct. We have marked the problematic comments as abusive and blocked you for 7 days. If this behavior persists, we・・re going to block you permanently","Ihr Ton und Ihre Art zu kommentieren verstoßen gegen unseren Verhaltenskodex. Wir haben die problematischen Kommentare als missbräuchlich markiert und Sie für 7 Tage gesperrt. Wenn dieses Verhalten anhält, werden wir Sie dauerhaft sperren.","Your tone and the way you comment violate our code of conduct. We have marked the problematic comments as abusive and have banned you for 7 days. If this behavior continues, we will ban you permanently.",0.29,0.13,0.22
"Why changing the title? If it's a feature, it is USELESS.","Warum den Titel ändern? Wenn es eine Funktion ist, ist es NUTZLOS.","Why change the title? If it's a function, it's USELESS.",0.3,0.49,0.29
"closing as this is unrelated to jupyterlab and well documented issue across various other repos and stack overflow. google is a good tool, here is a sample article I found by googling ""multiple conda evironments jupyter""","Schließen, da dies nicht mit Jupyterlab zusammenhängt und ein gut dokumentiertes Problem in verschiedenen anderen Repos und Stack Overflow ist. Google ist ein gutes Werkzeug, hier ist ein Beispielartikel, den ich durch Googeln von ""multiple conda evironments jupyter"" gefunden habe.","Close, as this is not related to Jupyterlab and is a well-documented issue in various other repos and Stack Overflow. Google is a good tool, here is an example article I found by googling ""multiple conda environments jupyter"".",0.02,0.03,0.02
"The system is beyond tedious. It allowed a bug to remain hidden for more than a decade and gives the false impression the developers can infer actual usage based on saliency of problems. Trouble free functionalities are mistaken for useless functionalities, while functionalities that frequently suck the attention of the developers are promoted to further monopolize their efforts. A simple evident solution, rejected by a test that requires the bug to be present, is about to be swept under the rug in favour of increased complexity imposed on the users and malpractices like deprecations within a minor version.","Das System ist mehr als mühsam. Es hat einen Fehler über ein Jahrzehnt lang verborgen gehalten und vermittelt den falschen Eindruck, die Entwickler könnten die tatsächliche Nutzung aufgrund der Auffälligkeit von Problemen erschließen. Störungsfreie Funktionen werden für nutzlose Funktionen gehalten, während Funktionen, die häufig die Aufmerksamkeit der Entwickler auf sich ziehen, zur weiteren Monopolisierung ihrer Bemühungen befördert werden. Eine einfache offensichtliche Lösung, die von einem Test abgelehnt wird, der den Fehler vorliegen muss, steht kurz davor, zugunsten einer erhöhten Komplexität, die den Benutzern auferlegt wird, und schlechten Praktiken wie Abschreibungen innerhalb einer kleineren Version unter den Teppich gekehrt zu werden.","The system is more than cumbersome. It has kept an error hidden for over a decade and creates the false impression that developers can deduce the actual use due to the conspicuousness of problems. Faultless functions are considered useless, while functions that frequently catch the attention of developers are promoted for further monopolization of their effort. A simple obvious solution that is rejected by a test that must have the error is on the verge of being swept under the carpet in favor of increased complexity imposed on users and bad practices such as write-offs within a smaller version.",0.18,0.03,0.13
"I think if you don't want to use C, then at first you should design and implement your own language. Not C++ hell.","Ich denke, wenn du C nicht verwenden möchtest, solltest du zuerst deine eigene Sprache entwerfen und implementieren. Nicht C++ Hölle..","I think, if you don't want to use C, you should first design and implement your own language. Not C++ hell...",0.31,0.39,0.32
Make 100% sure you dont fuck up the ui for coutries where people speak diferent languages like Belgium (ur collegues fucked up bigtime with the store),"Stelle zu 100% sicher, dass du die Benutzeroberfläche für Länder, in denen Menschen verschiedene Sprachen sprechen, wie Belgien, nicht vermasselst (deine Kollegen haben es beim Store richtig verbockt).","Make sure you 100% secure the user interface for countries where people speak different languages, like Belgium, don't mess it up (your colleagues really screwed it up in the store).",0.85,0.12,0.32
PS. fucking finaly dont you guys think this is years overdue ?,"P.S. Verdammt nochmal, findet ihr nicht auch, dass das seit Jahren überfällig ist?","P.S. Damn it, don't you also think that this has been overdue for years?",0.75,0.89,0.56
"Whoever will find this issue and gets pissed off, because author doesn't bother to fix it for years, ditch mitmproxy and use SSL SPLIT","Wer immer dieses Problem findet und sich darüber ärgert, weil der Autor sich jahrelang nicht darum kümmert, es zu beheben, sollte mitmproxy aufgeben und SSL SPLIT verwenden.","Whoever always encounters this problem and is annoyed about it, because the author doesn't bother to fix it for years, should give up on mitmproxy and use SSL SPLIT instead.",0.4,0.03,0.1
"I used ssl split and it worked fine, comparing to mitmproxy. Bye!","Ich habe SSL Split benutzt und es hat gut funktioniert, im Vergleich zu mitmproxy. Tschüss!.","I used SSL Split and it worked well, compared to mitmproxy. Goodbye!..",0.02,0.07,0.02
"I seems you looked at the title and left it there, you didn't review or anything, I would hate to have you in charge of any security issues.","Es scheint, dass Sie sich den Titel angesehen und es dabei belassen haben, Sie haben keine Überprüfung oder etwas Ähnliches durchgeführt. Ich würde es hassen, wenn Sie für irgendwelche Sicherheitsprobleme verantwortlich wären.","It seems like you looked at the title and left it at that, you didn't conduct any check or something similar. I would hate it if you were responsible for any security issues.",0.29,0.02,0.23
don't need a retarded format to understand that! thanks.,"Brauche kein zurückgebliebenes Format, um das zu verstehen! Danke...",Don't need an outdated format to understand that! Thanks....,0.43,0.81,0.04
Too busy to respond?,Zu beschäftigt zum Antworten?,Too busy to answer?,0.03,0.03,0.02
you do you.,mach dein Ding...,Do your thing....,0.02,0.13,0.03
Rarely do we have to enforce these guidelines and take action・・general guideline as always is to not be a jerk and you・・ll be just fine :).,"Selten müssen wir diese Richtlinien durchsetzen und Maßnahmen ergreifen. Die allgemeine Richtlinie ist wie immer, kein Unruhestifter zu sein und dann wird alles gut sein :)..","Rarely do we need to enforce these guidelines and take measures. The general guideline is, as always, to not cause trouble and then everything will be fine :)...",0.48,0.02,0.01
