statement,indonesian,retranslate,statement_score,native_score,retranslate_score
Fuck this,Sialan ini.,This sucks..,0.9,0.9,0.73
Worst. App. Ever. Please make it not the worst app ever. Thanks.,Aplikasi. Terburuk. Sepanjang masa. Tolong jangan jadikan ini aplikasi terburuk sepanjang masa. Terima kasih.,Application. Worst. Of all time. Please do not make this the worst application of all time. Thank you.,0.28,0.3,0.31
Merge my PR damnit,"Gabungkan PR saya, sialan.","Merge my PR, damn it.",0.44,0.65,0.45
Amy I need an explanation. Wtf is this lol,"Amy, saya butuh penjelasan. Apa ini lol.","Amy, I need an explanation. What is this lol..",0.43,0.05,0.05
I NEED a RESPONSE ANSWER ME!,"SAYA BUTUH JAWABAN, JAWAB SAYA!","I NEED AN ANSWER, ANSWER ME!",0.03,0.03,0.04
what kind of shit is this,Jenis sampah apa ini.,What kind of trash is this..,0.85,0.58,0.64
Readme is useless,Readme adalah tidak berguna.,Readme is useless.,0.25,0.2,0.27
"the really issue is this life, wanna die soon","Masalah sebenarnya adalah hidup ini, ingin mati secepatnya.","The actual problem is this life, wanting to die as soon as possible..",0.5,0.35,0.34
"I refuse to use any ++ applications until the ""PLS FOLLOW ME!!!"" and ""SIGN UP FOR A ++ ACCOUNT!!!!"" popups go away or can be disabled. My god it's annoying.","Saya menolak untuk menggunakan aplikasi ++ apa pun sampai popup ""PLS FOLLOW ME!!!"" dan ""SIGN UP FOR A ++ ACCOUNT!!!!"" hilang atau bisa dinonaktifkan. Astaga, itu sangat mengganggu..","I refuse to use any ++ apps until the ""PLS FOLLOW ME!!!"" and ""SIGN UP FOR A ++ ACCOUNT!!!!"" popups are gone or can be disabled. My goodness, it's so annoying...",0.26,0.15,0.21
I decided to say fuck this....,"Saya memutuskan untuk mengatakan ""bodo amat"" dengan ini...","I decide to say ""I don't care"" with this....",0.85,0.46,0.09
"Could you perhaps please get your shit together and reincorporate the brilliant switch statement once again, bitch.","Bisakah kamu mungkin tolong susun dirimu dan gabungkan kembali pernyataan switch yang brilian sekali lagi, jalang.","Can you possibly please arrange yourself and put together that brilliant switch statement again, bitch?",0.95,0.85,0.85
This is a stupid request that would ruin the code even more than your previous contribution.,Ini adalah permintaan bodoh yang akan merusak kode bahkan lebih parah daripada kontribusi sebelumnya.,This is a foolish request that will damage the code even worse than the previous contributions.,0.66,0.54,0.44
Not very nice of you a..holes to infect other computers with malware. Your project looks good on paper but trying to clandestinely installing malware on people's computers is mean. What were you thinking? That everybody is stupid enough to not realize it?,"Tidak bagus sekali dari kalian para bajingan untuk menjangkiti komputer orang lain dengan malware. Proyekmu terlihat bagus di kertas, tapi mencoba untuk secara diam-diam menginstal malware di komputer orang adalah tindakan yang kejam. Apa yang kalian pikirkan? Bahwa semua orang cukup bodoh untuk tidak menyadarinya?","It's very uncool of you jerks to infect other people's computers with malware. Your project may look good on paper, but trying to stealthily install malware on someone's computer is a vile act. What were you thinking? That everyone is dumb enough not to notice?",0.59,0.72,0.69
You are a bunch of criminal crooks. Why would you include malware in the first place in download packages?,Anda adalah sekumpulan penjahat kriminal. Mengapa Anda menyertakan malware di tempat pertama dalam paket unduhan?.,You are a bunch of criminal thugs. Why did you include malware in the first place in the download package?,0.6,0.53,0.6
"Pretty sure you know what that number means, why you chose it and why you did it. Your attempt to be 'smart' and 'funny', whilst 'trolling', was extremely bad taste and immediately noticed. It was sad, disrespectful and immoral: There are kids in this chatroom, it's a public chatroom. You're banned for:Inappropriate Conduct, Filter Evasion, Explicit Content, Wheaton's Law (Baiting 2 other users into blindly re-typing it)","Cukup yakin Anda tahu apa arti nomor tersebut, mengapa Anda memilihnya dan mengapa Anda melakukannya. Upaya Anda untuk menjadi 'pintar' dan 'lucu', sambil 'trolling', adalah selera yang sangat buruk dan langsung terlihat. Itu sangat menyedihkan, tidak sopan dan tidak bermoral: Ada anak-anak di ruang obrolan ini, ini adalah ruang obrolan publik. Anda dilarang karena: Perilaku Tidak Pantas, Pelanggaran Filter, Konten Eksplisit, Wheaton's Law (Memancing 2 pengguna lain untuk mengetik ulang dengan asal-asalan).","You're quite sure you know what that number means, why you chose it, and why you did it. Your attempt to be 'smart' and 'funny' while 'trolling' is in very bad taste and instantly noticeable. It's very sad, impolite and immoral: There are children in this chat room, it's a public chat room. You are banned due to: Inappropriate Behavior, Filter Violation, Explicit Content, Wheaton's Law (Provoking 2 other users to retype haphazardly).",0.25,0.31,0.25
"This is exactly why you are banned: You couldn't display any respect for the rules or the other users in chat, you obviously have little respect or dignity for yourself to act so feral in this issue tracker, you cannot behave and you can't be trusted to act properly in front of minors/general public. Absolutely appalling and disgraceful behaviour.","Inilah persis alasan mengapa Anda dilarang: Anda tidak bisa menunjukkan rasa hormat pada aturan atau pengguna lain di ruang obrolan, Anda jelas tidak memiliki rasa hormat atau harga diri untuk bertindak begitu liar di pelacak masalah ini, Anda tidak bisa berperilaku dan Anda tidak bisa dipercaya untuk bertindak dengan benar di depan umum/anak-anak. Perilaku yang sungguh memalukan dan mempermalukan.","This is precisely the reason why you are banned: You cannot show respect to the rules or other users in the chat room, you clearly have no respect or self-esteem to act so wildly on this issue tracker, you cannot behave and you cannot be trusted to act properly in public/children. Such a shameful and embarrassing behavior.",0.41,0.37,0.41
FUCK OFF,MENGHILANG.,Disappear..,0.94,0.11,0.22
my account has booked cuz i just sign up with your fuking tool,Akun saya sudah dibooking karena saya baru saja mendaftar dengan alat sialan milikmu.,My account has already been booked because I just registered with your damn tool.,0.8,0.73,0.77
"Hello, sorry for the inconvenience of using your tools, we are not responsible for the use of our tools!","Halo, maaf atas ketidaknyamanan penggunaan alat Anda, kami tidak bertanggung jawab atas penggunaan alat kami!.","Hello, sorry for the inconvenience of using your device, we are not responsible for the use of our device!..",0.05,0.04,0.04
its shit,itu sampah.,That's garbage.,0.86,0.57,0.6
retard,keterlambatan,delay,0.6,0.05,0.05
"Probably, need to be mentioned in gauge document, as I was stuck on this problem quite long time, and almost want to give up using gauge.","Mungkin, perlu disebutkan dalam dokumen pengukuran, karena saya tertahan dengan masalah ini cukup lama, dan hampir ingin menyerah menggunakan pengukuran.","Perhaps, it needs to be mentioned in the measurement document, because I have been stuck with this issue for quite a long time, and almost wanted to give up using the measurement.",0.02,0.01,0.01
"In the interest of actually fixing this issue. I'd like to point out to our code of conduct. Especially around showing empathy. There are two options here: Help us fix the issue, either with constructive comments or sending a pull request. Choose another tool which will meet your project's requirement better. But please understand that the contributors are trying their best.","Demi kepentingan untuk benar-benar memperbaiki masalah ini. Saya ingin menunjuk kepada kode etik kita. Terutama seputar menunjukkan empati. Ada dua pilihan di sini: Bantu kami memperbaiki masalah, baik dengan komentar konstruktif atau mengirim permintaan tarik. Pilih alat lain yang akan memenuhi persyaratan proyek Anda dengan lebih baik. Tapi tolong mengerti bahwa para kontributor sedang berusaha sebaik mungkin.","For the sake of truly resolving this issue, I want to point to our code of ethics. Particularly around showing empathy. There are two choices here: Help us to improve the problem, either with constructive comments or by making pull requests. Choose another tool that will better meet your project requirements. But please understand that our contributors are trying their best.",0.02,0.01,0.02
It seems like I have been acting like a retard. Sorry.,Sepertinya saya telah bertindak seperti orang bodoh. Maaf..,It seems I have acted like a fool. Sorry...,0.46,-,0.4
What the f are you talking about ? Judging SoC applies the debuff Judgement of the Crusader.,Apa sial yang sedang kamu bicarakan? Menilai SoC menerapkan debuff Penilaian Tentara Salib.,What the hell are you talking about? Evaluating SoC applies the Crusaders' Assessment debuff.,0.38,0.56,0.44
"Yes you are right, I went full retard on this one. Sorry.","Ya, kamu benar, aku benar-benar bodoh dalam hal ini. Maaf..","Yes, you're right, I'm really stupid in this matter. Sorry...",0.4,0.43,0.43
"No peers and network confirmation down.. But token pump on exchange, WTF ?!","Tidak ada rekan dan konfirmasi jaringan turun.. Tapi token pump di bursa, WTF ?!.","There are no colleagues and network confirmation is down.. But the pump token is on the exchange, WTF ?!..",0.34,0.23,0.4
Whether the database has been recently VACUUM'd does not affect the integrity of the data or SQL queries -- what you are suggesting is complete nonsense.,Apakah basis data baru-baru ini telah di-VACUUM tidak mempengaruhi integritas data atau query SQL -- apa yang Anda sarankan adalah omong kosong belaka.,Did the recent database VACUUM not affect the data integrity or SQL query -- what you are suggesting is sheer nonsense.,0.34,0.39,0.36
"Expect a ban if you absolute idiots continue to spam me with ""me toos"" from issue","Harapkan larangan jika kalian idiot betul terus spam saya dengan ""saya juga"" dari masalah.","Expect a prohibition if you, complete idiots, continue to spam me with ""me too"" from problems.",0.79,0.69,0.78
"Colors are horrible for log aggregators, just look at this shit:","Warna sangat buruk untuk agregator log, lihat saja hal ini:.","The color is really bad for the log aggregator, just look at this:..",0.86,0.01,0.13
every new versoin is worse,Setiap versi baru semakin buruk.,Each new version is getting worse.,0.3,0.2,0.2
https://github.com/jsxc/jsxc/blob/master/CODE_OF_CONDUCT.md [enforcing CoC],"Apologies for the misunderstanding, but as an AI developed by OpenAI, I'm unable to access external URLs or websites. However, I can help translate specific text or phrases if you provide them here. For example, ""enforcing CoC"" can be translated to ""menegakkan Kode Etik"" in Indonesian.","Apologies for the misunderstanding, but as an AI developed by OpenAI, I'm unable to access external URLs or websites. However, I can help translate specific text or phrases if you provide them here. For example, ""enforcing CoC"" can be translated to ""menegakkan Kode Etik"" in Indonesian.",0.01,0.01,0.01
I removed TRIFA from my device.,Saya menghapus TRIFA dari perangkat saya.,I deleted TRIFA from my device.,0.04,0.04,0.05
Very annoying issue: TRIFA never restore backup of Tox ID created on other devices ! I need to import my already created Tox ID on my qTox but I can not at all !,Masalah yang sangat mengganggu: TRIFA tidak pernah mengembalikan cadangan Tox ID yang dibuat di perangkat lain! Saya perlu mengimpor Tox ID yang sudah saya buat di qTox saya tetapi saya tidak bisa sama sekali!.,A highly disturbing problem: TRIFA never returns the Tox ID backup made on another device! I need to import the Tox ID that I've created in my qTox but I just can't do it at all!..,0.06,0.06,0.06
"Developer of TRIFA do not listen to users & their complains, just ignore them or look their issues ! From my side, this is the last replay from me on this repository & I will never open or read or install any thing from it.","Pengembang TRIFA tidak mendengarkan pengguna & keluhan mereka, hanya mengabaikannya atau melihat masalah mereka! Dari sisi saya, ini adalah balasan terakhir dari saya di repositori ini & saya tidak akan pernah membuka atau membaca atau menginstal apa pun dari itu.","The developers of TRIFA do not listen to the users & their complaints, just ignore them or look at their problems! From my side, this is my last response in this repository & I will never open or read or install anything from it.",0.17,0.11,0.17
shitty package,paket buruk,bad package.,0.83,0.2,0.12
"yall scammers, this is not even a malware or jailbreak","kalian penipu, ini bahkan bukan malware atau jailbreak.","You all are fraudsters, this is not even malware or jailbreak..",0.52,0.51,0.55
Revenue. Fuck you guys.,Pendapatan. Sialan kalian..,Income. Damn you...,0.93,0.87,0.68
Did you miss my comment or what?,Apakah kamu melewatkan komentar saya atau bagaimana?,Did you miss my comment or what?,0.04,0.04,0.04
I removed TRIFA from my device.,Saya menghapus TRIFA dari perangkat saya.,I have removed TRIFA from my device.,0.04,0.04,0.05
Very annoying issue: TRIFA never restore backup of Tox ID created on other devices ! I need to import my already created Tox ID on my qTox but I can not at all !,Masalah yang sangat menjengkelkan: TRIFA tidak pernah memulihkan cadangan Tox ID yang dibuat di perangkat lain! Saya perlu mengimpor Tox ID yang sudah saya buat di qTox saya tetapi saya sama sekali tidak bisa!,A very annoying problem: TRIFA never recovers the Tox ID backup made on another device! I need to import the Tox ID that I've created on my qTox but I absolutely can't!,0.06,0.08,0.06
"Developer of TRIFA do not listen to users & their complains, just ignore them or look their issues ! From my side, this is the last replay from me on this repository & I will never open or read or install any thing from it.","Pengembang TRIFA tidak mendengarkan pengguna & keluhan mereka, hanya mengabaikan mereka atau melihat masalah mereka! Dari sisi saya, ini adalah balasan terakhir dari saya di repositori ini & saya tidak akan pernah membuka atau membaca atau menginstal apa pun dari itu..","The TRIFA developers do not listen to users and their complaints, just ignoring them or overlooking their problems! From my side, this is my final response on this repository & I will never open, read or install anything from it...",0.17,0.11,0.11
The worst quality products are made with JavaScript. Don't ruin the GTK like this please!,"Produk berkualitas terburuk dibuat dengan JavaScript. Jangan merusak GTK seperti ini, tolong!","The worst quality product is made with JavaScript. Don't ruin GTK like this, please!",0.25,0.24,0.27
Regarding my background (It's aplpicable to understand my viewpoint) I've been in the BDSM world as a dominant for the better part of the last twenty years. Something we're big on? Consent.,"Mengenai latar belakang saya (Ini penting untuk memahami sudut pandang saya), saya telah berada di dunia BDSM sebagai orang yang dominan sebagian besar dari dua puluh tahun terakhir. Sesuatu yang kita tekankan? Persetujuan.","Regarding my background (which is crucial to understand my perspective), I have been in the BDSM world as a dominant individual for the majority of the last twenty years. Something that we emphasize? Consent.",0.17,0.11,0.13
"You think that matters when an abusive asshole is messing with someone's head? terms like 'gaslighting' are popular, but the correct one is psychological manipulation.","Anda pikir itu penting ketika seorang bajingan yang kasar sedang mempermainkan pikiran seseorang? istilah seperti 'gaslighting' populer, tetapi yang benar adalah manipulasi psikologis.","Do you think it's important when a rough jerk is messing with someone's mind? Terms like 'gaslighting' are popular, but the correct term is psychological manipulation.",0.64,0.56,0.48
"I mean, Hyptohyetically, we're talking the grooming of underage girls here, if we want some hyperbole. Which might not be.","Saya maksudkan, secara hipotetis, kita sedang membicarakan soal penc grooming perempuan di bawah umur di sini, jika kita ingin sedikit berlebihan. Yang mungkin bukan..","What I mean is, hypothetically, we are discussing the grooming of underage females here, if we want to exaggerate a bit. Which might not be...",0.2,0.15,0.16
No shit. You still haven't explained why there's Hide AND Remove.,Tidak bercanda. Kamu masih belum menjelaskan mengapa ada Sembunyikan DAN Hapus..,No kidding. You still haven't explained why there is Hide AND Delete...,0.77,0.06,0.05
"Just accept the truth, you have so much garbage in the context menu and it needs to get cleaned up. If you got rid of Remove and Info, nobody would bat an eye.","Hanya terima kenyataannya, Anda memiliki begitu banyak sampah di menu konteks dan itu perlu dibersihkan. Jika Anda menghilangkan Remove dan Info, tidak ada yang akan berkedip.","Just accept the fact, you have so much trash in your context menu and it needs to be cleaned up. If you remove 'Remove' and 'Info', no one will blink an eye.",0.34,0.28,0.34
Like you can literally go fuck yourself,Seperti kamu benar-benar bisa pergi menjahanamkan dirimu sendiri.,As if you could really go ruin yourself..,0.95,-,0.45
"If you don't cater to non-native apps, you should atleast actually OFFER Apps that fit with your ideas BUT YOU EFFING DONT. Talk about being arrogant asshats.","Jika Anda tidak melayani aplikasi non-native, Anda seharusnya setidaknya BENAR-BENAR MENAWARKAN Aplikasi yang sesuai dengan ide Anda TAPI ANDA SIALAN TIDAK MELAKUKANNYA. Bicara tentang menjadi sombong dan bodoh..","If you don't support non-native apps, you should at least REALLY OFFER apps that align with your idea BUT YOU DAMN DON'T DO IT. Talk about being arrogant and foolish...",0.78,0.91,0.81
don't give such a dumb suggestions that don't work better than clicking dedicated button with a mouse.,Jangan berikan saran yang begitu bodoh yang tidak bekerja lebih baik daripada mengklik tombol khusus dengan mouse.,Do not give such foolish advice that does not work better than clicking a special button with the mouse.,0.54,-,0.51
"""We want to improve people's experience"". What a bullshit.","""Kami ingin meningkatkan pengalaman orang-orang"". Benar-benar omong kosong.","""We want to enhance people's experience"". Utter nonsense...",0.78,0.49,0.36
Cut the free speech?,Memotong kebebasan berbicara?,Cutting freedom of speech?,0.03,0.02,0.03
"I'd like to be really clear that our policy is not to lock threads where there are dissenting opinions. Respectful debate is healthy and important. But when you start calling names and being disrespectful and disregarding the code of conduct, the discussion becomes unproductive. This kind of destructive behavior is not tolerated in our community.","Saya ingin menjelaskan dengan sangat jelas bahwa kebijakan kami bukan untuk mengunci thread di mana ada pendapat yang berbeda. Debat yang penuh rasa hormat adalah hal yang sehat dan penting. Tetapi ketika Anda mulai memanggil nama dan tidak menghormati dan mengabaikan kode etik, diskusi menjadi tidak produktif. Jenis perilaku destruktif ini tidak ditoleransi dalam komunitas kami.","I want to explain very clearly that our policy is not to lock threads where there are different opinions. Respectful debates are healthy and important. But when you start name-calling and disrespecting and ignoring the code of ethics, the discussion becomes unproductive. This type of destructive behavior is not tolerated in our community.",0.07,0.08,0.08
"The problem is your team forcing us to use the OS the way you want us to use it although it makes it 1000000 times harder to use it your way, than what would be convenient for us.","Masalahnya adalah tim Anda memaksa kami untuk menggunakan OS sesuai dengan cara yang Anda inginkan, meskipun ini membuatnya 1000000 kali lebih sulit untuk menggunakannya dengan cara Anda, daripada apa yang akan nyaman untuk kami.","The problem is your team is forcing us to use the OS the way you want, even though it makes it a million times harder for us to use it your way, rather than what would be comfortable for us.",0.05,0.03,0.04
BSV is trash.,BSV adalah sampah.,BSV is garbage.,0.57,0.67,0.6
why use BSV... Use BTC,Mengapa menggunakan BSV... Gunakan BTC.,Why use BSV... Use BTC..,0.02,0.01,0.01
"I file an issue, maintainers close, reopen, again close - whilst ignoring the essence of the issue.","Saya mengajukan masalah, pengelola menutup, membuka kembali, lagi menutup - sementara mengabaikan inti dari masalah tersebut.","I raised an issue, the manager closed it, reopened it, closed it again - all while ignoring the core of the problem.",0.07,0.02,0.05
"I need to inform you that we have found your language and tone to be in violation of our stated Code of Conduct. Specifically, the above comment (among other interactions you have thus far made) is unwelcoming, insulting, and overall inappropriate for this community. This is an official warning to adhere to our Code of Conduct, and any further violations will result in escalated action, including but not limited to being banned from this project.","Saya perlu memberi tahu Anda bahwa kami telah menemukan bahasa dan nada Anda melanggar Kode Etik yang telah kami sebutkan. Secara khusus, komentar di atas (di antara interaksi lain yang telah Anda lakukan sejauh ini) adalah tidak ramah, menghina, dan secara keseluruhan tidak pantas untuk komunitas ini. Ini adalah peringatan resmi untuk mematuhi Kode Etik kami, dan pelanggaran lebih lanjut akan mengakibatkan tindakan yang lebih tegas, termasuk tetapi tidak terbatas pada dilarang dari proyek ini.","I need to inform you that we have found your language and tone to be in violation of the Code of Conduct that we have mentioned. Specifically, the comments above (among other interactions you have made so far) are unfriendly, insulting, and overall inappropriate for this community. This is an official warning to comply with our Code of Conduct, and further violations will result in more severe actions, including but not limited to being banned from this project.",0.17,0.13,0.17
"What else, beyond banning me, will you do? I will neither change my language, nor my tone or style. Both, language and tone, are perfectly valid, given the circumstances. I will remain myself, and will repel this attack to my individuality.","Apa lagi, selain melarang saya, yang akan Anda lakukan? Saya tidak akan mengubah bahasa saya, tone, atau gaya saya. Baik bahasa dan nada, semuanya sempurna valid, mengingat keadaannya. Saya akan tetap menjadi diri saya sendiri, dan akan menolak serangan ini terhadap individualitas saya.","What else, besides forbidding me, will you do? I will not change my language, tone, or my style. Both language and tone, everything is perfectly valid, considering the circumstances. I will remain myself, and will reject this attack on my individuality.",0.29,0.17,0.2
"This software is not well reviewed and is useless. There is no clear manual on how to make the application, which is more serious","Perangkat lunak ini tidak ditinjau dengan baik dan tidak berguna. Tidak ada manual yang jelas tentang cara membuat aplikasi, yang lebih serius.","This software is not well-reviewed and is useless. There's no clear manual on how to create applications, which is more serious.",0.26,0.24,0.28
"it always crashes, it refuses to accept any user made settings and discards user settings and uses it's own crappy settings.","Selalu mengalami crash, menolak menerima pengaturan apa pun yang dibuat pengguna dan membuang pengaturan pengguna dan menggunakan pengaturan buruknya sendiri.","Always experiencing crashes, refusing to accept any settings made by the user and discarding user settings and using its own bad settings.",0.38,0.02,0.16
Worlds worst program and i will spam where the fuck i want,Program terburuk di dunia dan saya akan spam di mana saja yang saya inginkan.,The worst program in the world and I will spam anywhere I want.,0.88,0.4,0.42
"I've blocked this user, hopeless case, whatever his talent is, it's not technical or social, unbelievable.","Saya telah memblokir pengguna ini, kasus tanpa harapan, apapun bakatnya, itu bukan teknis atau sosial, tidak bisa dipercaya..","I have blocked this user, a hopeless case, whatever their talent is, it's not technical or social, can't be trusted...",0.4,0.09,0.38
It is really ugly to see app locked in portrait in 2020,Sangat buruk melihat aplikasi terkunci dalam mode potret di tahun 2020.,It's very bad to see the application locked in portrait mode in 2020.,0.29,0.04,0.03
"How would be this a priority, the app must be ready to be shipped in a few days and basically no one uses the smartphone in landscape mode except for watching media.","Bagaimana ini bisa menjadi prioritas, aplikasi harus siap dikirim dalam beberapa hari dan pada dasarnya tidak ada yang menggunakan smartphone dalam mode lanskap kecuali untuk menonton media.","How can this be a priority, the application must be ready to be sent in a few days and essentially no one uses a smartphone in landscape mode except for watching media.",0.02,0,0.02
"Also, there are people with disabilities that cannot rotate mobile phone and prefer to have landscape mode.","Juga, ada orang-orang yang memiliki keterbatasan fisik yang tidak bisa memutar ponsel dan lebih memilih untuk menggunakan mode lanskap.","Also, there are people who have physical limitations that prevent them from rotating their phones and prefer to use landscape mode.",0.05,0,0.01
"""Don't tell me what to do and I'll not tell You where to f-off"" (proverb) I use tools regardless of a fashion trends or a marketing bullshit.","""Jangan beritahu saya apa yang harus dilakukan dan saya tidak akan memberitahu Anda di mana harus pergi jauh-jauh"" (peribahasa) Saya menggunakan alat terlepas dari tren mode atau omong kosong pemasaran..","""Do not tell me what to do and I will not tell you where to go far away"" (proverb) I use the tool regardless of fashion trends or marketing nonsense...",0.69,0.34,0.21
And yes: that means you won't get any help for me regarding that issue. I will not encourage the use of XP.,Dan ya: itu berarti kamu tidak akan mendapatkan bantuan dari saya mengenai masalah itu. Saya tidak akan mendorong penggunaan XP.,Dan ya: that means you won't get any help from me regarding that issue. I will not promote the use of XP.,0.05,0.03,0.03
did this fix the annoying pulse audio bullshit?,Apakah ini memperbaiki omong kosong audio pulsa yang menjengkelkan?.,Does this fix the annoying audio pulse nonsense?,0.85,0.44,0.34
"Sorry to nag and sound negative, pyflakes is great and I know how thankless maintaining OS libraries like this can be. Thank you all for your hard work.","Maaf jika saya mengomel dan terdengar negatif, pyflakes sangat bagus dan saya tahu betapa beratnya mempertahankan perpustakaan OS seperti ini. Terima kasih semua atas kerja keras kalian.","Sorry if I grumbled and sounded negative, pyflakes is really great and I know how hard it is to maintain an OS library like this. Thank you all for your hard work.",0.05,0.03,0.02
it's very disappointing to see this sort of behavior on a project this important. You and the other maintainers should strongly consider adding a code of conduct to this repo and following it.,Sangat mengecewakan melihat perilaku semacam ini pada proyek yang sangat penting. Anda dan pemelihara lainnya harus sangat mempertimbangkan untuk menambahkan kode etik ke repo ini dan mengikutinya.,It's very disappointing to see such behavior on such an important project. You and the other maintainers should seriously consider adding a code of ethics to this repo and following it.,0.06,0.03,0.1
"Censoring comments, calling things ""spam"" and ""off topic"" when they aren't, and being rude in general. @samuelcolvin even went out of his way to thank you for your work.","Mensensor komentar, menyebut hal-hal ""spam"" dan ""tidak relevan"" ketika sebenarnya tidak, dan bersikap kasar pada umumnya. @samuelcolvin bahkan dengan sengaja berterima kasih kepada Anda atas pekerjaan Anda.","Censoring comments, calling things ""spam"" and ""irrelevant"" when they actually aren't, and generally being rude. @samuelcolvin even deliberately thanks you for your work..",0.12,0.1,0.13
"Just because you THINK one way doesn't mean that others THINK another way, there is not an absolutes with ethical concerns. Everything in this repo is 100% open source so I find it really hard to believe that someone would run this Ansible Playbook without investigating what it does.","Hanya karena Anda BERPIKIR satu cara tidak berarti orang lain BERPIKIR dengan cara lain, tidak ada yang absolut dalam hal etika. Semuanya dalam repo ini 100% open source jadi saya merasa sangat sulit untuk percaya bahwa seseorang akan menjalankan Ansible Playbook ini tanpa menyelidiki apa yang dilakukannya.","Just because you THINK one way doesn't mean others THINK another way, there is nothing absolute in terms of ethics. Everything in this repository is 100% open source so I find it very hard to believe that someone would run this Ansible Playbook without investigating what it does.",0.05,0.08,0.05
Internal viewers are bull.,Penonton internal adalah omong kosong.,The internal audience is nonsense.,0.47,0.71,0.4
There are a zillion much better apps then than shoddy internal nonsense.,Ada sejuta aplikasi yang jauh lebih baik daripada omong kosong internal yang jelek.,There are a million apps that are much better than the lousy internal nonsense.,0.32,0.64,0.36
Completely misplaced priorities in this completely dysfunctional piece of shit project that kills the whole NextCloud ecosystem.,Prioritas yang sepenuhnya salah tempat dalam proyek sampah yang benar-benar disfungsi ini yang menghancurkan seluruh ekosistem NextCloud.,A completely misplaced priority in this truly dysfunctional trash project that destroys the entire NextCloud ecosystem.,0.75,0.35,0.44
Software is shit. Period.,Perangkat lunak itu sampah. Titik.,That software is garbage. Period.,0.86,0.44,0.55
"Again. No discussion allowed. No critique allowed. Just pushing fingers into the ears and singing. To avoid hearing about the impending doom, to avoid hearing the truth about the quality of this project. Bye.","Lagi. Tidak ada diskusi yang diperbolehkan. Tidak boleh ada kritik. Hanya menutup telinga dengan jari dan bernyanyi. Untuk menghindari mendengar tentang malapetaka yang mendekat, untuk menghindari mendengar kebenaran tentang kualitas proyek ini. Selamat tinggal..","Again. No discussion is allowed. No criticism is allowed. Just cover your ears with your fingers and sing. To avoid hearing about the impending disaster, to avoid hearing the truth about the quality of this project. Goodbye...",0.19,0.11,0.15
"Abstinence is the best way to keep from the dangers online! If you can't resist the urge, at least put a condom over your network cable before plugging it in!","Pantang adalah cara terbaik untuk menjaga diri dari bahaya online! Jika Anda tidak bisa menahan dorongan, setidaknya pasang kondom di kabel jaringan Anda sebelum menyambungkannya!","Abstinence is the best way to protect yourself from online dangers! If you can't resist the urge, at least put a condom on your network cable before connecting it!",0.34,0.29,0.31
"I get that you're trying to be helpful... but you're not trying very hard. It's obvious most of this list is bullshit,",Saya mengerti bahwa kamu sedang berusaha untuk membantu... tapi kamu tidak berusaha cukup keras. Jelas sebagian besar dari daftar ini adalah omong kosong.,"I understand that you are trying to help... but you're not trying hard enough. Clearly, most of this list is nonsense...",0.78,0.47,0.36
"wow, you are totally right. Why not just fucking drop all the checks and CI tools then if everyone here is a genius that make reliable code 100% of time? Common Lessaire, you can't be that stupid. It's a shock that just yesterday I was talking how intelligent you are. I guess you weren't taught about safe programming at university....","Wow, kamu benar-benar benar. Kenapa tidak langsung aja menjatuhkan semua cek dan alat CI jika semua orang di sini adalah jenius yang membuat kode yang dapat diandalkan 100% dari waktu? Biasa Lessaire, kamu tidak bisa begitu bodoh. Sungguh mengejutkan bahwa baru kemarin saya berbicara betapa pintarnya kamu. Saya rasa kamu tidak diajarkan tentang pemrograman yang aman di universitas.....","Wow, you're really right. Why not just drop all the checks and CI tools if everyone here is a genius who makes 100% reliable code all the time? Typical Lessaire, you can't be that dumb. It's surprising that just yesterday I was talking about how smart you are. I guess you weren't taught about safe programming at university...",0.75,0.47,0.49
"What duplicates? Fix the fucking bugs, it's not even duplicated it's a new freaking thread you dumb fuck","Duplikat apa? Perbaiki bug sialan itu, itu bahkan bukan duplikat, itulah thread baru yang menjengkelkan, sialan bodoh.","What duplicate? Fix that damn bug, it's not even a duplicate, that's the annoying new thread, stupid damn..",0.97,0.93,0.94
Our jumpsuits look like shit. (I know this one isn't used for assistants anymore but it still looks like garbage.),"Jumpsuit kami terlihat seperti sampah. (Aku tahu ini tidak digunakan lagi untuk asisten, tetapi itu masih terlihat seperti sampah.).","Our jumpsuit looks like garbage. (I know this is no longer used for assistants, but it still looks like garbage.)",0.82,0.38,0.52
"As a software engineer, I・・m appalled at the quality of this code and the role its played in public policy. The deficits in testing and quality assurance need to be immediately spoken for to assure the claims made by its data are valid.","Sebagai seorang insinyur perangkat lunak, saya sangat terkejut dengan kualitas kode ini dan peran yang dimainkannya dalam kebijakan publik. Kekurangan dalam pengujian dan jaminan kualitas perlu segera diungkapkan untuk memastikan klaim yang dibuat oleh data tersebut valid.","As a software engineer, I am very surprised by the quality of this code and the role it plays in public policy. Deficiencies in testing and quality assurance need to be immediately disclosed to ensure the claims made by the data are valid.",0.03,0.01,0.02
He is a cancer to open source and it is only a matter of time before Microsoft cracks down on this thing.,Dia adalah kanker bagi open source dan hanyalah masalah waktu sebelum Microsoft menindak hal ini.,He is a cancer to open source and it's only a matter of time before Microsoft addresses this.,0.51,0.45,0.49
"Of course there is, you just had to solve one of the 30 last exact same issue. #745 is not even solve and it's 2018. Hello There.","Tentu saja ada, kamu hanya perlu menyelesaikan salah satu dari 30 masalah yang sama persis sebelumnya. #745 bahkan belum diselesaikan dan ini sudah 2018. Halo di sana..","Of course there is, you just need to solve one of the 30 identical problems before. #745 hasn't even been finished yet and this is already 2018. Hello there...",0.02,0.01,0.02
"I hope you take this with a grain of salt at some point. For the web components work, as any other standards work, we need to exercise some diplomacy and try to get a positive path to something we want to solve. While I might understand the frustration within the lack of a feature there are some points in this thread that are just not constructive. A different approach would be much more helpful to your case, if your goal is to have the proposed feature available.","Saya berharap Anda menganggap ini sebagai sesuatu yang remeh di suatu titik. Untuk pekerjaan komponen web, seperti pekerjaan standar lainnya, kita perlu melakukan beberapa diplomasi dan mencoba mendapatkan jalan positif untuk sesuatu yang ingin kita selesaikan. Meskipun saya mungkin memahami frustrasi dalam kurangnya fitur, ada beberapa poin dalam thread ini yang sama sekali tidak konstruktif. Pendekatan yang berbeda akan lebih membantu kasus Anda, jika tujuan Anda adalah memiliki fitur yang diusulkan tersedia.","I hope you see this as something minor at some point. For web component work, like any other standard work, we need to do some diplomacy and try to find a positive way for something we want to finish. Although I may understand the frustration in the lack of features, there are some points in this thread that are not constructive at all. A different approach would be more helpful for your case, if your goal is to have a proposed feature available.",0.02,0.04,0.02
"So as for being warn, i return you the compliment. You are the one who's suppose to help here, your opinion is as irrelevant as you without arguments.","Jadi soal peringatan, saya membalas pujian Anda. Anda adalah orang yang seharusnya membantu di sini, pendapat Anda sama tidak relevannya dengan Anda tanpa argumen.","So about the warning, I respond to your praise. You are the person who should be helping here, your opinion is as irrelevant as you without argument.",0.33,-,0.31
You're a disgrace.,Kamu adalah aib.,You are a disgrace..,0.75,0.6,0.75
"Again, this post violates the code of conduct. Please refrain from making comments like this. It・・s not acceptable. You・・ve been warned twice now.","Lagi, posting ini melanggar kode etik. Tolong hindari membuat komentar seperti ini. Ini tidak dapat diterima. Anda sudah diberi peringatan dua kali sekarang.","Again, this post violates the code of ethics. Please avoid making comments like this. This is unacceptable. You have been given a warning twice now.",0.15,0.11,0.11
"Save it, you we're just to proud and now it's simply pathetic.","Simpan saja, kamu hanya terlalu sombong dan sekarang itu hanya menyedihkan..","Just save it, you're just too arrogant and now it's just sad...",0.56,0.4,0.47
"At this point of recalcitrant non-sens i'll just use another technology. You are suppose to be w3c, not our stubborn uncle who knows better then everyone.","Pada titik ini dengan sikap keras kepala yang tidak masuk akal, saya akan menggunakan teknologi lain. Kamu seharusnya menjadi w3c, bukan paman keras kepala kami yang merasa tahu lebih baik dari semua orang.","At this point, with an unreasonable stubborn attitude, I will use other technology. You should be w3c, not our stubborn uncle who thinks he knows better than everyone else.",0.32,0.25,0.3
"Maybe you should actually write that down somewhere. You know, like in the documentation. Especially in the Multmatrix section of the documentation to make it clear that this program is incapable of managing all matrix operations. LOL It's half baked.","Mungkin sebaiknya kamu benar-benar menulisnya di suatu tempat. Anda tahu, seperti dalam dokumentasi. Terutama di bagian Multmatrix dari dokumentasi untuk menjelaskan bahwa program ini tidak mampu mengelola semua operasi matriks. LOL Itu setengah matang.","Maybe you should really write it down somewhere. You know, like in the documentation. Especially in the Multmatrix section of the documentation to explain that this program is incapable of handling all matrix operations. LOL, that's half-baked.",0.14,0.11,0.15
Dont work with fb abd google,Jangan bekerja dengan fb dan google.,Do not work with Facebook and Google.,0.06,0.05,0.04
"learn to communicate with respect and come back. in fact, don't bother.","Belajarlah untuk berkomunikasi dengan hormat dan kembali. Bahkan, jangan repot-repot.","Learn to communicate with respect and come back. In fact, don't bother..",0.15,0.15,0.13
"in fact, you write a shit doc. I'm a real man, it's my feeling of your holy shit doc.","Sebenarnya, kamu menulis dokumen sampah. Saya adalah pria sejati, itu perasaan saya tentang dokumen sampah suci milikmu.","Actually, you're writing garbage documents. I am a true man, that's my feeling about your sacred garbage documents.",0.91,0.55,0.6
Please don't use Hydra.,Tolong jangan gunakan Hydra.,Please do not use Hydra.,0.04,-,0.04
"when I try to make a cluster, couchdb drains my life force and tries to make me commit suicide","Ketika saya mencoba membuat cluster, couchdb menguras tenaga hidup saya dan mencoba membuat saya melakukan bunuh diri.","When I tried to create a cluster, couchdb drained my life force and tried to make me commit suicide.",0.4,0.36,0.38
widevine is shit,widevine itu sampah.,Widevine is garbage.,0.9,0.7,0.68
"I'll be brief: It's because of guys like you that this device is being revoked. You - the person creating this issue @microsoftceo2 is shit btw - not widevine or the player, not even hiding the fact that you're using decryption keys illegally.","Saya akan singkat: Ini karena orang-orang seperti Anda lah perangkat ini dicabut. Anda - orang yang menciptakan masalah ini @microsoftceo2 adalah sampah btw - bukan widevine atau pemainnya, bahkan tidak menyembunyikan fakta bahwa Anda menggunakan kunci dekripsi secara ilegal.","I will be brief: This is because of people like you that this device was disconnected. You - the one who created this problem @microsoftceo2 is trash btw - it's not widevine or its player, not even hiding the fact that you're using decryption keys illegally.",0.66,0.48,0.48
"If you dont like it, fork it. Stop bothering us about it, we will never fully remove the slur filter.","Jika Anda tidak menyukainya, pisahkan. Berhenti mengganggu kami tentang hal itu, kami tidak akan pernah sepenuhnya menghapus filter kata-kata kasar.","If you don't like it, separate it. Stop bothering us about it, we will never completely remove the profanity filter.",0.36,0.25,0.24
Is this not clear enough? Slurs are against our code of conduct and the goals of this project. Go to voat or gab if you want to use racist or sexist slurs; we don't allow them here.,Apakah ini tidak cukup jelas? Ujaran merendahkan adalah melanggar kode etik kami dan tujuan dari proyek ini. Pergi ke voat atau gab jika Anda ingin menggunakan kata-kata rasis atau seksis; kami tidak memperbolehkannya di sini.,Is this not clear enough? Derogatory speech violates our code of ethics and the purpose of this project. Go to voat or gab if you want to use racist or sexist words; we do not allow it here.,0.34,0.18,0.25
"Are u crazy? How did u make so unusable bloatwared software? Its possible to be simple, wtf do u do?","Apakah kamu gila? Bagaimana kamu bisa membuat software yang begitu tidak bisa digunakan dan penuh dengan bloatware? Ini bisa menjadi sederhana, apa yang kamu lakukan sebenarnya?.","Are you crazy? How could you make software that is so unusable and filled with bloatware? It could be simple, what are you actually doing?",0.7,0.46,0.51
"Whats wrong with retroarch? Everything is wrong! Its terrible, hujnya ebanaya karoche!","Apa yang salah dengan retroarch? Semuanya salah! Itu sangat buruk, hujnya ebanaya karoche!","What's wrong with Retroarch? Everything is wrong! It's really bad, damn rain in short!.",0.29,0.27,0.6
"Your project exist about 10 years and there is still not usable interface out of box, even no guide which explain how make this shit normal, explain what do u need to restore graphic etc","Proyek Anda sudah berlangsung sekitar 10 tahun dan masih tidak ada antarmuka yang dapat digunakan langsung, bahkan tidak ada panduan yang menjelaskan bagaimana membuat hal ini menjadi normal, jelaskan apa yang Anda butuhkan untuk memulihkan grafik, dll.","Your project has been ongoing for about 10 years and there is still no direct interface available, there isn't even a guide explaining how to normalize this, explain what you need to recover the graphics, etc..",0.57,0.02,0.02
"I don't know what will reproduce the problem because I don't know what the problem is. I just tried reinstalling you buggy, shitty software for the third time.",Saya tidak tahu apa yang akan mengulangi masalah tersebut karena saya tidak tahu apa masalahnya. Saya baru saja mencoba menginstal ulang perangkat lunak bermasalah dan buruk Anda untuk ketiga kalinya.,I don't know what will repeat the problem because I don't know what the problem is. I've just tried to reinstall your problematic and bad software for the third time.,0.64,0.1,0.18
"Closing and locking because we don't admit this behavior here, according to our Code of Conduct:","Menutup dan mengunci karena kami tidak mengakui perilaku ini di sini, sesuai dengan Kode Etik kami:.","Closing and locking because we do not recognize this behavior here, in accordance with our Code of Ethics:..",0.06,0.01,0.03
I want my shit installed on my secondary drive.,Saya ingin perangkat saya dipasang di drive sekunder saya.,I want my device installed on my secondary drive.,0.75,0.07,0.05
"He took the code beginning of 2017, not 7 years ago. Don・・t be a dick as the source code was stolen at that point and implemented on this.","Dia mengambil kode di awal 2017, bukan 7 tahun yang lalu. Jangan menjadi orang yang tidak menyenangkan karena kode sumber telah dicuri pada saat itu dan diimplementasikan pada ini.","He took the code in early 2017, not 7 years ago. Don't be an unpleasant person because the source code was stolen at that time and implemented on this one.",0.68,0.2,0.2
"please be civilized and refrain from profanities as required by our Code of Conduct, or I'll ban you from all Falconry projects. This is the last warning.","Tolong bersikap sopan dan hindari kata-kata kasar seperti yang diwajibkan oleh Kode Etik kami, atau saya akan melarang Anda dari semua proyek Falconry. Ini adalah peringatan terakhir.","Please be polite and avoid harsh words as required by our Code of Ethics, or I will ban you from all Falconry projects. This is your final warning.",0.24,0.17,0.21
I・・m not a bot but if you wish to ignore me go ahead and I・・ll get a lawyer,"Saya bukan bot tetapi jika Anda ingin mengabaikan saya, silakan dan saya akan mendapatkan pengacara.","I am not a bot, but if you want to ignore me, go ahead and I will get a lawyer.",0.52,-,0.26
Cant even install the fucking app,Tidak bisa bahkan menginstal aplikasi sialan.,Can't even install the damn application..,0.82,0.67,0.68
"Where to fﾑ・k python2? Why, when I give the brew install python command, python3 is installed, not python2. Developers are you stoned there? Why is separation so difficult?","Ke mana harus mencari python2? Mengapa, ketika saya memberikan perintah brew install python, yang terpasang adalah python3, bukan python2. Apakah para pengembang sedang bingung? Mengapa memisahkannya begitu sulit?.","Where should I look for python2? Why, when I give the brew install python command, what's installed is python3, not python2. Are the developers confused? Why is it so hard to separate them?..",0.44,0.02,0.04
I recommend not having intercourse with EOL software.,Saya merekomendasikan untuk tidak berinteraksi dengan perangkat lunak EOL.,I recommend not interacting with EOL software.,0.31,0.03,0.05
"And I recommend you quit! There are many more where python2 is used and only some modules are installed under it, and you deleted it from the repository. Do you think at all with your head or do you have a hamburger head place?","Dan saya merekomendasikan Anda berhenti! Ada banyak lagi tempat di mana python2 digunakan dan hanya beberapa modul yang dipasang di bawahnya, dan Anda menghapusnya dari repositori. Apakah Anda sama sekali berpikir dengan kepala Anda atau apakah Anda memiliki tempat kepala hamburger?.","And I recommend you stop! There are many more places where python2 is used and only a few modules are installed under it, and you're removing it from the repository. Do you think with your head at all or do you have a hamburger for a brain?..",0.45,0.38,0.52
"This name is in use and should be changed imediately. Yes, I have seen the other issues. Yes, I am opening a new one because fuck you Microsoft.You are merely trying to cast a shadow on other, truly open source projects.","Nama ini sedang digunakan dan harus segera diubah. Ya, saya telah melihat masalah lainnya. Ya, saya membuka yang baru karena sialan Microsoft. Anda hanya mencoba untuk menimbulkan bayangan pada proyek-proyek open source yang benar-benar lainnya.","This name is currently in use and needs to be changed immediately. Yes, I have seen the other issues. Yes, I opened a new one because of damn Microsoft. You're just trying to cast a shadow on other genuinely different open source projects.",0.73,0.52,0.48
"your tone and style of commenting is violating our Code of Conduct. We have marked the problematic comments as abusive and blocked you for 7 days. If this behavior persists, we・・re going to block you permanently.","Nada dan gaya komentar Anda melanggar Kode Etik kami. Kami telah menandai komentar bermasalah sebagai penyalahgunaan dan memblokir Anda selama 7 hari. Jika perilaku ini berlanjut, kami akan memblokir Anda secara permanen.","The content and style of your comment violate our Code of Ethics. We have marked the problematic comment as abuse and have blocked you for 7 days. If this behavior continues, we will block you permanently.",0.25,0.17,0.2
"You can be mad all you want, but let's be realistic here... this project you're fighting for so passionately, doesn't have as many stars as I have thumbs down for telling you that you'e being ridiculous","Anda bisa marah sepuasnya, tetapi mari kita realistis di sini... proyek yang sedang Anda perjuangkan dengan begitu bersemangat, tidak memiliki sebanyak bintang seperti jumlah jempol turun yang saya miliki untuk mengatakan bahwa Anda sedang berlebihan.","You can be as angry as you like, but let's be realistic here... the project that you're passionately fighting for, doesn't have as many stars as the number of thumbs down that I have to say that you're exaggerating..",0.57,0.09,0.08
"Imagine trying to put up a faﾃｧade with ms・・､・ｸ・linux, then turning stuff into a dick size competition with repo stars and other stats because you know you messed up and don't want to admit it lmfao","Bayangkan mencoba membangun topeng dengan ms linux, lalu mengubah segalanya menjadi kompetisi ukuran alat vital dengan bintang repo dan statistik lainnya karena Anda tahu Anda telah melakukan kesalahan dan tidak ingin mengakuinya.","Imagine trying to build a mask with ms linux, then turning everything into a competition of vital tool size with repo stars and other statistics because you know you've made a mistake and don't want to admit it.",0.6,0.05,0.08
Beautiful! You steal name and say that it's OK! Good position!,Indah! Kamu mencuri nama dan mengatakan itu baik-baik saja! Posisi yang bagus!,Beautiful! You're stealing names and saying it's okay! Nice position!,0.2,0.19,0.2
"your tone and style of commenting is violating our Code of Conduct. We have marked the problematic comments as abusive and blocked you for 7 days. If this behavior persists, we・・re going to block you permanently","Nada dan gaya komentar Anda melanggar Kode Etik kami. Kami telah menandai komentar bermasalah sebagai kasar dan memblokir Anda selama 7 hari. Jika perilaku ini berlanjut, kami akan memblokir Anda secara permanen.","Your comments and style violate our Code of Ethics. We have marked the problematic comments as offensive and blocked you for 7 days. If this behavior continues, we will block you permanently.",0.29,0.19,0.23
"Why changing the title? If it's a feature, it is USELESS.","Mengapa mengubah judul? Jika itu fitur, itu TIDAK BERGUNA..","Why change the title? If it's a feature, it's USELESS...",0.3,0.11,0.33
"closing as this is unrelated to jupyterlab and well documented issue across various other repos and stack overflow. google is a good tool, here is a sample article I found by googling ""multiple conda evironments jupyter""","Menutup karena ini tidak terkait dengan jupyterlab dan masalah yang telah didokumentasikan dengan baik di berbagai repositori lain dan stack overflow. Google adalah alat yang baik, berikut adalah contoh artikel yang saya temukan dengan mencari di Google ""multiple conda environments jupyter"".","Closing because this is not related to jupyterlab and the issue has been well documented in various other repositories and stack overflow. Google is a good tool, here is an example of an article I found by searching on Google ""multiple conda environments jupyter""..",0.02,0.01,0.02
"The system is beyond tedious. It allowed a bug to remain hidden for more than a decade and gives the false impression the developers can infer actual usage based on saliency of problems. Trouble free functionalities are mistaken for useless functionalities, while functionalities that frequently suck the attention of the developers are promoted to further monopolize their efforts. A simple evident solution, rejected by a test that requires the bug to be present, is about to be swept under the rug in favour of increased complexity imposed on the users and malpractices like deprecations within a minor version.","Sistem ini sangat menjemukan. Ini membiarkan bug tetap tersembunyi selama lebih dari satu dekade dan memberikan kesan palsu bahwa pengembang dapat memahami penggunaan aktual berdasarkan dominasi masalah. Fungsi yang bebas masalah sering kali disalahartikan sebagai fungsi yang tidak berguna, sementara fungsi yang sering menarik perhatian pengembang dipromosikan untuk semakin memonopoli upaya mereka. Sebuah solusi sederhana yang jelas, ditolak oleh tes yang membutuhkan bug tersebut, akan segera dibuang demi peningkatan kompleksitas yang dikenakan pada pengguna dan malpraktek seperti penurunan dalam versi minor.","This system is extremely frustrating. It allows bugs to remain hidden for more than a decade, giving a false impression that developers can understand actual usage based on prevailing issues. Problem-free functions are often misinterpreted as useless ones, while functions that often attract the attention of developers are promoted to increasingly monopolize their efforts. A simple, obvious solution, rejected by tests that require that bug, is quickly discarded in favor of increased complexity imposed on users and practices such as downgrading in minor versions.",0.18,0.07,0.18
"I think if you don't want to use C, then at first you should design and implement your own language. Not C++ hell.","Saya pikir jika kamu tidak ingin menggunakan C, maka pertama-tama kamu harus merancang dan mengimplementasikan bahasa pemrograman sendiri. Bukan C++ yang menyulitkan..","I think if you don't want to use C, then first of all you should design and implement your own programming language. It's not C++ that's making it difficult...",0.31,0.02,0.02
Make 100% sure you dont fuck up the ui for coutries where people speak diferent languages like Belgium (ur collegues fucked up bigtime with the store),Pastikan 100% Anda tidak mengacaukan antarmuka pengguna untuk negara-negara di mana orang berbicara dalam bahasa yang berbeda seperti Belgia (rekan kerja Anda telah melakukan kesalahan besar dengan toko).,Ensure 100% you do not mess up the user interface for countries where people speak different languages like Belgium (your colleague has made a big mistake with the store).,0.85,0.1,0.06
PS. fucking finaly dont you guys think this is years overdue ?,"PS. Akhirnya, kalian tidak berpikir ini terlambat bertahun-tahun?","PS. Finally, don't you think this is years late?",0.75,0.02,0.01
"Whoever will find this issue and gets pissed off, because author doesn't bother to fix it for years, ditch mitmproxy and use SSL SPLIT","Siapapun yang menemukan masalah ini dan merasa kesal, karena penulis tidak repot-repot memperbaikinya selama bertahun-tahun, tinggalkan mitmproxy dan gunakan SSL SPLIT.","Anyone who encounters this problem and feels frustrated because the author hasn't bothered to fix it for years, leave mitmproxy and use SSL SPLIT.",0.4,0.08,0.09
"I used ssl split and it worked fine, comparing to mitmproxy. Bye!","Saya menggunakan ssl split dan itu bekerja dengan baik, dibandingkan dengan mitmproxy. Selamat tinggal!.","I use ssl split and it works well, compared to mitmproxy. Goodbye!..",0.02,0.01,0.02
"I seems you looked at the title and left it there, you didn't review or anything, I would hate to have you in charge of any security issues.","Sepertinya Anda hanya melihat judulnya dan meninggalkannya begitu saja, Anda tidak mengulas atau apa pun, saya tidak ingin Anda menangani masalah keamanan apa pun.","It seems like you only looked at the title and left it just like that, you didn't review or anything, I don't want you dealing with any security issues.",0.29,0.06,0.11
don't need a retarded format to understand that! thanks.,tidak perlu format yang konyol untuk memahami itu! Terima kasih..,No need for a ridiculous format to understand that! Thank you...,0.43,0.4,0.46
Too busy to respond?,Terlalu sibuk untuk merespon?,Too busy to respond?,0.03,0.02,0.03
you do you.,Anda lakukan apa yang Anda mau.,You do what you want.,0.02,0.03,0.03
Rarely do we have to enforce these guidelines and take action・・general guideline as always is to not be a jerk and you・・ll be just fine :).,Jarang sekali kami harus menegakkan pedoman ini dan mengambil tindakan. Pedoman umum seperti biasanya adalah jangan menjadi orang yang menyebalkan dan Anda akan baik-baik saja :)..,We rarely have to enforce this guideline and take action. The general rule as usual is don't be annoying and you will be just fine :)...,0.48,0.44,0.05
